time,ax,ay,az,aT
2.3000,7.3244,-4.7370,5.6157,10.374
2.3180,7.0377,-4.8080,5.1844,9.976
2.3330,6.6911,-4.6507,4.9070,9.512
2.3350,6.7380,-4.5947,5.2151,9.680
2.4000,6.3033,-3.9817,5.7600,9.421
2.4020,5.5658,-3.3157,5.8261,8.713
2.4030,4.2157,-2.5033,5.4874,7.359
2.4080,2.7545,-1.5789,4.9602,5.889
2.4090,1.7853,-0.7603,4.4563,4.860
2.4100,1.3712,0.0906,4.0184,4.247
2.4110,1.2509,0.9412,3.4991,3.833
2.4160,1.2784,1.8276,3.0520,3.780
2.4210,1.3135,2.4251,2.5213,3.737
2.4280,1.2973,2.8523,1.7105,3.570
2.4350,1.0324,3.0820,0.8660,3.364
2.4440,1.1456,2.9970,0.4290,3.237
2.4530,1.8967,2.5210,0.5332,3.200
2.4650,2.9166,1.6915,1.0182,3.522
2.4740,3.2979,0.8903,2.0101,3.963
2.4880,3.3074,0.6676,3.1955,4.647
2.4990,3.5177,0.6422,4.4762,5.729
2.5080,4.6064,0.8207,5.6860,7.364
2.5220,6.2689,1.0239,6.2618,8.919
2.5300,7.0633,1.2759,6.4721,9.665
2.5380,6.9830,1.6695,6.3215,9.566
2.5550,6.4724,1.8511,5.8874,8.943
2.5590,5.7714,2.0005,5.2281,8.040
2.5680,4.8142,2.1487,4.2441,6.768
2.5760,3.6309,2.3697,3.3295,5.467
2.5870,3.4408,2.9434,2.5833,5.213
2.6010,1.7837,2.2958,0.9032,3.044
2.6070,1.7638,3.4865,1.7776,4.293
2.6160,1.9337,3.4535,1.7002,4.308
2.6290,1.8258,3.2871,0.6507,3.816
2.6360,1.3694,3.7270,0.0601,3.971
2.6490,0.7234,4.0454,-0.6045,4.154
2.6530,0.3417,4.2864,-1.1234,4.444
2.6690,0.3517,4.4130,-1.5412,4.688
2.6820,0.6545,4.4114,-1.7395,4.787
2.6970,1.3679,4.3003,-1.4524,4.741
2.7100,1.7682,4.1158,-1.0781,4.607
2.7160,2.0608,3.9039,-0.7815,4.483
2.7280,2.1343,3.5923,-0.7259,4.241
2.7330,2.1758,3.3725,-0.5472,4.051
2.7400,2.5694,3.1061,-0.3164,4.044
2.7510,2.7074,2.8219,-0.1963,3.916
2.7570,2.4341,2.5905,-0.1462,3.558
2.7680,2.1464,2.2317,-0.1351,3.099
2.7770,2.0273,1.8199,0.0741,2.725
2.7850,1.9938,1.4143,0.4068,2.478
2.7980,1.8935,1.1734,0.8176,2.373
2.8350,2.0148,0.8872,1.1515,2.484
2.8360,2.5027,0.5709,1.3653,2.907
2.8390,3.1696,0.2673,1.3594,3.459
2.8420,3.9694,0.0420,1.3371,4.189
2.8570,4.4614,-0.0407,1.0562,4.585
2.8630,4.8665,-0.1168,0.8489,4.941
2.8640,5.1538,-0.2023,0.7078,5.206
2.8800,5.2877,-0.3942,0.6202,5.339
2.8850,5.4660,-0.8260,0.5338,5.554
2.8950,5.4449,-1.3397,0.3607,5.619
2.9050,5.6529,-2.0347,0.2852,6.015
2.9190,5.9385,-2.6996,0.4589,6.539
2.9410,6.0437,-3.1188,0.6633,6.833
2.9430,5.8089,-2.9628,0.9322,6.587
2.9500,5.3142,-2.2710,1.1845,5.899
2.9640,4.8189,-1.6370,1.2425,5.239
2.9830,4.4670,-1.1234,1.2371,4.769
2.9890,4.1756,-0.6599,1.1157,4.372
2.9910,3.9183,-0.4644,1.1363,4.106
2.9980,3.8591,-0.9430,0.9611,4.087
3.0080,3.5963,-1.8666,0.5958,4.095
3.0160,3.2401,-2.7721,0.2828,4.273
3.0240,2.7605,-3.8257,0.0101,4.718
3.0330,2.0996,-4.8139,-0.0121,5.252
3.0470,1.3933,-5.2332,0.2672,5.422
3.0610,0.8147,-5.3986,0.6589,5.499
3.0700,0.6245,-5.5274,0.8923,5.634
3.0800,1.0438,-5.9045,0.9887,6.077
3.0860,1.6283,-6.2794,1.1909,6.596
3.0950,1.7233,-6.3689,1.3296,6.731
3.1100,1.4820,-6.1507,1.4624,6.494
3.1150,0.7974,-5.8966,1.3283,6.097
3.1460,-0.1340,-5.6273,0.9693,5.712
3.1480,-1.1807,-5.3939,0.5157,5.546
3.1520,-1.9990,-5.0634,0.0107,5.444
3.1660,-2.8022,-4.7623,-0.4520,5.544
3.1710,-3.7955,-4.2646,-0.8496,5.772
3.1790,-4.7230,-3.8393,-1.1657,6.197
3.1830,-5.5873,-3.4805,-1.5917,6.772
3.1990,-6.3163,-3.0948,-1.7994,7.260
3.2080,-6.7044,-2.7462,-1.8741,7.484
3.2180,-6.7181,-2.6176,-1.6423,7.395
3.2370,-6.4648,-2.5077,-1.3673,7.068
3.2670,-6.0094,-2.4725,-1.1719,6.603
3.2690,-5.7478,-2.6105,-1.0964,6.407
3.2700,-5.8962,-2.8097,-1.2707,6.654
3.2760,-6.3833,-2.7627,-1.3243,7.080
3.2830,-7.0491,-2.7969,-1.4609,7.723
3.2910,-7.4954,-2.9483,-1.6349,8.219
3.2970,-7.8294,-3.0485,-1.7628,8.585
3.3120,-7.9231,-3.1571,-1.8764,8.733
3.3160,-7.9159,-3.2821,-2.1017,8.823
3.3260,-7.7367,-3.4176,-2.4385,8.802
3.3380,-7.4100,-3.4961,-2.7203,8.633
3.3460,-7.1899,-3.7950,-3.1387,8.715
3.3540,-6.7988,-4.1714,-3.5409,8.727
3.3700,-6.4186,-4.4828,-3.7698,8.689
3.3890,-5.8817,-5.0453,-3.7096,8.591
3.3910,-5.5387,-5.5165,-3.6142,8.612
3.3960,-5.4706,-6.0654,-3.2924,8.807
3.4420,-5.6386,-6.5154,-3.0341,9.135
3.4450,-5.8563,-7.1472,-2.8868,9.680
3.4460,-6.0560,-7.8284,-2.7204,10.265
3.4470,-6.2751,-8.1995,-2.4974,10.623
3.4490,-6.2352,-8.6470,-2.0315,10.852
3.4580,-5.7583,-9.4142,-1.8357,11.187
3.4640,-4.8864,-10.3775,-1.8229,11.614
3.4790,-4.0734,-10.6330,-2.2034,11.598
3.4850,-4.0993,-10.2876,-2.4142,11.334
3.5160,-4.2588,-9.6656,-2.1074,10.770
3.5190,-4.3967,-9.0442,-1.7399,10.206
3.5210,-4.6447,-8.3597,-0.9992,9.615
3.5310,-4.1530,-7.7891,0.1433,8.828
3.5660,-3.0872,-7.5909,1.1093,8.269
3.5690,-1.3222,-7.6791,1.7175,7.979
3.5700,0.4218,-7.9213,1.8825,8.153
3.5710,2.0668,-8.0725,1.4280,8.454
3.6040,3.2116,-8.0422,0.5252,8.676
3.6060,3.9451,-7.5811,-0.5029,8.561
3.6080,4.3704,-7.0693,-1.3194,8.415
3.6090,4.5754,-6.5272,-1.7302,8.157
3.6150,4.7146,-5.7687,-1.9023,7.689
3.6300,4.7201,-4.9110,-1.4100,6.956
3.6370,4.3729,-3.9119,-0.9267,5.940
3.6440,3.9587,-2.7999,-0.5101,4.876
3.6580,3.4976,-1.7303,-0.2558,3.911
3.6700,3.0747,-0.7172,-0.2601,3.168
3.6790,2.8407,0.0460,-0.4903,2.883
3.6850,2.7369,0.7982,-0.9176,2.995
3.7030,2.6320,1.5001,-1.1431,3.238
3.7060,2.5348,2.0322,-1.2431,3.479
3.7420,2.3900,2.4555,-1.1508,3.615
3.7450,2.2756,2.7579,-0.9506,3.700
3.7460,2.0599,3.0197,-0.6257,3.709
3.7530,1.6734,3.2432,-0.2619,3.659
3.7630,1.3992,3.2407,0.0011,3.530
3.7660,1.4082,3.2272,0.2972,3.534
3.7780,1.5968,3.1636,0.7160,3.615
3.7860,1.8766,3.0918,0.9946,3.751
3.7940,2.0344,2.9535,1.2154,3.787
3.8070,2.1084,2.7442,1.5532,3.793
3.8220,2.0559,2.7424,1.8721,3.905
3.8290,2.1321,2.9010,2.2106,4.225
3.8340,2.6561,2.8240,2.3735,4.546
3.8460,3.3939,2.7606,2.2997,4.942
3.8550,4.0253,2.7230,1.8801,5.211
3.8640,4.2466,2.6480,1.5098,5.227
3.8940,4.3242,2.6690,1.1902,5.219
3.8950,4.5713,2.4944,0.9480,5.293
3.8980,5.0815,1.9426,0.8196,5.502
3.9030,5.8256,1.3820,1.0319,6.076
3.9160,6.3870,0.9846,1.5510,6.646
3.9250,6.7450,0.7365,2.2464,7.147
3.9340,6.9708,0.8636,2.8251,7.571
3.9490,7.4837,1.0947,3.3129,8.257
3.9550,8.0325,1.3962,3.6065,8.915
3.9650,8.7667,1.6050,3.6950,9.648
3.9740,10.0366,1.4140,3.6453,10.771
3.9840,11.3433,0.6640,3.4295,11.869
3.9980,12.3010,-0.0334,3.3732,12.755
4.0030,12.7082,-0.1564,3.4499,13.169
4.0150,12.7797,0.0715,3.3954,13.223
4.0270,12.6754,0.3883,3.0102,13.034
4.0350,12.3482,0.6449,2.9284,12.707
4.0460,11.8709,1.0362,3.6050,12.449
4.0540,11.7301,1.2747,4.4373,12.606
4.0650,12.0405,0.9357,5.0427,13.087
4.0730,12.4177,0.3301,5.2144,13.472
4.0910,12.2957,-0.4350,4.5249,13.109
4.1010,11.4911,-1.4033,3.0887,11.981
4.1150,10.4339,-2.4990,1.4108,10.821
4.1210,9.1512,-3.7406,-0.1133,9.887
4.1300,7.8581,-4.6562,-1.2710,9.222
4.1380,6.5656,-5.1482,-1.7843,8.532
4.1470,5.2733,-4.9646,-2.0651,7.531
4.1540,4.2159,-4.5579,-2.0059,6.525
4.1650,3.3933,-4.2751,-1.5563,5.676
4.1750,2.9457,-3.9424,-0.8013,4.986
4.1840,2.4848,-3.8520,-0.0169,4.584
4.1970,1.8013,-3.8242,0.6124,4.271
4.2050,1.2019,-4.1092,1.0676,4.412
4.2140,0.2831,-4.4219,1.3975,4.646
4.2280,-0.8515,-4.6992,1.3655,4.967
4.2370,-1.9474,-4.9456,1.0640,5.421
4.2470,-2.7192,-5.0234,0.5762,5.741
4.2540,-2.9773,-5.4208,0.1040,6.185
4.2680,-2.9359,-5.9363,-0.3753,6.633
4.3030,-2.9068,-6.2576,-0.4497,6.914
4.3080,-2.8721,-6.5847,-0.3627,7.193
4.3100,-2.7308,-6.7503,-0.1495,7.283
4.3120,-2.7506,-7.0109,0.0134,7.531
4.3160,-2.8040,-7.2600,0.1966,7.785
4.3290,-2.9016,-7.5436,0.3280,8.089
4.3360,-3.0623,-7.8332,0.2512,8.414
4.3450,-3.4767,-8.0450,0.0650,8.764
4.3550,-3.9412,-8.3083,-0.3755,9.203
4.3690,-4.6374,-8.5124,-0.6320,9.714
4.3780,-5.5867,-8.5446,-0.4771,10.220
4.3850,-6.8465,-8.5069,-0.1396,10.921
4.3970,-8.0934,-8.6426,0.2939,11.844
4.4040,-8.8658,-8.7861,0.6044,12.496
4.4250,-9.0798,-8.7978,0.3614,12.648
4.4280,-8.6397,-8.9031,-0.1137,12.407
4.4390,-7.6723,-9.1598,-0.6423,11.966
4.4510,-7.9679,-9.5183,-1.1057,12.462
4.4650,-8.9966,-9.6442,-1.4621,13.270
4.4690,-10.2363,-9.5171,-1.3744,14.044
4.4910,-11.4566,-9.6418,-0.9982,15.007
4.4940,-11.8197,-10.3366,-0.6121,15.714
4.5210,-11.0006,-11.4930,-0.9069,15.935
4.5260,-9.6232,-12.1206,-1.6347,15.562
4.5290,-9.0579,-11.9176,-1.9639,15.097
4.5300,-9.2811,-11.1568,-1.8857,14.635
4.5340,-10.0625,-10.5368,-1.3726,14.634
4.5610,-10.5298,-10.1723,-0.7912,14.662
4.5660,-9.7100,-10.4511,-0.0421,14.266
4.5680,-7.7356,-11.2745,0.4232,13.680
4.5850,-5.3657,-11.8198,0.6871,12.999
4.5920,-3.1634,-11.8158,0.6628,12.250
4.5960,-1.4054,-11.3569,0.0760,11.444
4.6220,-0.3130,-10.8894,-0.9799,10.938
4.6270,0.1366,-10.4039,-2.3680,10.671
4.6290,-0.0975,-9.9607,-3.7983,10.661
4.6350,-0.5365,-9.6834,-5.2096,11.009
4.6500,-0.9392,-9.3481,-6.1360,11.221
4.6560,-1.2506,-9.0766,-6.3223,11.132
4.6860,-1.5213,-8.6063,-5.5703,10.364
4.6880,-1.6629,-8.0823,-4.2191,9.268
4.6900,-1.6991,-7.4114,-2.6990,8.068
4.6960,-1.5565,-6.8650,-1.3722,7.172
4.7070,-1.1870,-6.4031,-0.2984,6.519
4.7210,-0.8457,-5.9492,0.6082,6.040
4.7490,-0.3456,-5.4426,0.8714,5.523
4.7520,0.2214,-4.9201,0.7959,4.989
4.7530,0.8149,-4.5673,0.3364,4.652
4.7640,1.4016,-4.2316,-0.3659,4.473
4.7710,2.0331,-3.8859,-0.9581,4.489
4.7780,2.5714,-3.6111,-1.3827,4.644
4.7840,2.9220,-3.3424,-1.5792,4.712
4.8030,3.2434,-3.2080,-1.5688,4.824
4.8080,3.3907,-2.9600,-1.4655,4.734
4.8150,3.7191,-2.6489,-1.2092,4.723
4.8260,4.2010,-2.3989,-1.0634,4.953
4.8350,4.7232,-2.1213,-0.8364,5.245
4.8460,5.2014,-1.7892,-0.6260,5.536
4.8530,5.5802,-1.3608,-0.4866,5.764
4.8650,5.9624,-0.9613,-0.4009,6.053
4.8740,6.3080,-0.5766,-0.4237,6.348
4.8990,6.5012,-0.2066,-0.3657,6.515
4.9030,6.6994,-0.0232,-0.4266,6.713
4.9070,6.8911,0.1172,-0.3390,6.900
4.9210,7.3574,0.1972,-0.1976,7.363
4.9290,7.8035,0.1650,0.3670,7.814
4.9340,8.2183,0.4538,1.0228,8.294
4.9490,8.7020,0.7270,1.5565,8.870
4.9540,9.2738,0.8162,2.0273,9.528
4.9640,9.9790,0.9040,2.4188,10.308
4.9840,10.5204,1.1154,2.8895,10.967
4.9880,11.1466,1.5375,3.2757,11.719
5.0160,11.9183,1.9608,3.7961,12.661
5.0190,12.7575,2.0229,4.2453,13.597
5.0200,13.8314,1.7923,4.7490,14.733
5.0310,14.6117,1.6348,5.2696,15.619
5.0360,15.0128,1.8307,5.8501,16.216
5.0470,15.2032,2.0772,6.1091,16.516
5.0530,15.2005,2.2954,5.7314,16.407
5.0670,14.8064,2.6683,5.2961,15.950
5.0830,14.4117,2.8581,4.9119,15.492
5.0920,13.9437,2.9868,4.5322,14.963
5.1000,13.1927,2.9627,4.1133,14.133
5.1080,12.3031,2.8365,3.5950,13.128
5.1150,11.4570,2.6731,3.2915,12.216
5.1300,10.6699,2.4420,2.9068,11.325
5.1400,10.0905,2.0034,2.5221,10.592
5.1830,9.4442,1.4464,2.2442,9.814
5.1850,8.9754,0.8131,2.0558,9.244
5.1860,8.6885,0.0498,2.1798,8.958
5.1880,8.8368,-0.8104,2.1391,9.128
5.1900,8.9878,-1.7157,1.9423,9.354
5.1980,9.0294,-2.5131,1.8486,9.553
5.2130,8.8001,-2.9996,1.7142,9.454
5.2170,8.2370,-3.2112,1.3473,8.943
5.2280,7.5511,-3.6820,0.9133,8.450
5.2360,6.7617,-4.1803,0.4725,7.964
5.2500,5.7774,-4.6236,0.0657,7.400
5.2560,4.4634,-5.0416,-0.1274,6.735
5.2660,3.4506,-5.5951,-0.3039,6.581
5.2800,2.8273,-6.4490,-0.5545,7.063
5.2850,2.4763,-7.4165,-0.7267,7.853
5.2950,2.2704,-8.2459,-1.0041,8.611
5.3050,1.6896,-8.5891,-1.4781,8.878
5.3210,1.0756,-8.7448,-2.1039,9.058
5.3250,0.3167,-8.8584,-2.3979,9.183
5.3700,-0.7989,-8.8245,-2.2339,9.138
5.3720,-2.0585,-8.5980,-1.8440,9.031
5.3730,-2.8244,-8.7973,-1.5089,9.362
5.3760,-3.1072,-9.3615,-0.8010,9.896
5.3840,-3.1926,-9.6085,-0.2835,10.129
5.3870,-3.2609,-9.4245,0.1829,9.974
5.3980,-3.0906,-9.3884,0.3858,9.892
5.4050,-3.1394,-9.6332,0.1993,10.134
5.4180,-3.7458,-9.8495,-0.1614,10.539
5.4230,-5.0451,-10.0452,-0.6968,11.263
5.4390,-6.4758,-9.9915,-1.1338,11.960
5.4680,-7.5471,-10.2558,-1.3859,12.809
5.4710,-8.2675,-10.6158,-1.4016,13.528
5.5040,-8.7189,-10.4576,-1.4536,13.693
5.5060,-8.9230,-9.8848,-1.5953,13.412
5.5080,-8.6042,-9.4686,-1.6860,12.905
5.5090,-8.2685,-9.4057,-1.7907,12.651
5.5110,-8.6845,-9.3487,-1.6349,12.864
5.5460,-9.5947,-9.0680,-1.3779,13.273
5.5480,-10.4822,-9.0778,-0.7450,13.887
5.5500,-10.5860,-10.1010,-0.2594,14.634
5.5520,-9.7538,-11.8616,-0.4780,15.364
5.5880,-9.4041,-12.5728,-1.1450,15.742
5.5900,-10.0835,-11.7928,-1.5431,15.593
5.5940,-10.9206,-10.6909,-1.6804,15.375
5.5960,-11.6613,-10.2457,-1.7768,15.624
5.5990,-11.7162,-10.0988,-1.6343,15.554
5.6310,-10.3186,-10.6471,-1.2288,14.878
5.6340,-8.4010,-11.5723,-0.7098,14.318
5.6360,-6.5556,-11.9065,-0.6448,13.607
5.6390,-4.8143,-11.9257,-0.5709,12.873
5.6510,-3.5440,-11.7744,-0.8813,12.328
5.6540,-2.7250,-11.4298,-1.1892,11.810
5.6680,-2.2372,-11.2274,-1.8930,11.604
5.6730,-1.8218,-11.1613,-2.6726,11.621
5.6960,-1.5123,-11.1763,-3.4971,11.808
5.7000,-1.3799,-11.2222,-3.9614,11.981
5.7060,-1.4288,-10.8913,-4.0848,11.720
5.7190,-1.6991,-10.1812,-3.6723,10.956
5.7250,-2.0523,-9.5070,-2.8817,10.144
5.7380,-2.2459,-8.9095,-1.9066,9.384
5.7780,-2.2855,-8.2648,-1.0549,8.640
5.7790,-2.1316,-7.6547,-0.4918,7.961
5.7810,-1.8902,-7.1698,0.1312,7.416
5.7820,-1.5344,-6.5731,0.5919,6.776
5.7840,-1.0704,-6.1049,0.9007,6.263
5.7950,-0.3874,-5.7140,0.8323,5.787
5.8030,0.2834,-5.4079,0.4723,5.436
5.8140,1.0170,-5.0445,-0.1862,5.149
5.8230,1.8739,-4.7248,-0.8293,5.150
5.8330,2.6127,-4.2365,-1.7501,5.276
5.8440,3.1671,-3.8075,-2.5007,5.548
5.8530,3.5200,-3.4827,-3.2598,5.928
5.8680,3.7822,-3.2409,-3.7457,6.232
5.8740,4.0558,-2.9411,-4.0607,6.449
5.8920,4.4238,-2.6200,-4.0349,6.536
5.8960,4.9167,-2.2381,-3.7434,6.572
5.9040,5.3731,-1.8218,-3.1554,6.492
5.9210,5.7591,-1.2513,-2.5276,6.413
5.9250,6.3749,-1.1259,-2.1072,6.808
5.9360,7.2407,-1.1093,-1.7202,7.525
5.9480,8.0134,-1.0514,-1.3502,8.194
5.9550,8.6272,-0.8206,-0.7683,8.700
5.9670,9.0694,-0.6845,-0.1394,9.096
5.9740,9.5721,-0.6424,0.3378,9.600
5.9850,9.7776,-0.4087,0.9027,9.828
5.9940,9.8555,0.0728,1.5357,9.975
6.0040,10.0889,0.7732,2.1306,10.340
6.0150,10.4582,1.2857,2.5657,10.845
6.0230,11.1352,1.8658,2.9988,11.682
6.0380,11.8705,2.3900,3.5251,12.611
6.0730,12.6466,2.9218,3.7868,13.521
6.0760,13.4970,3.1374,3.8567,14.384
6.0780,14.3292,2.9425,4.0399,15.176
6.0800,14.8647,2.7074,4.1393,15.666
6.0840,14.9803,2.7118,4.3005,15.820
6.0980,14.7429,2.7279,4.0495,15.530
6.1040,14.2198,2.7041,3.3197,14.850
6.1160,13.6750,2.8549,2.5910,14.208
6.1230,13.7156,2.8047,2.0078,14.143
6.1350,14.0552,2.6386,1.6575,14.396
6.1510,14.3249,2.4845,1.4191,14.608
6.1540,14.1580,2.3843,1.2884,14.415
6.1860,13.6138,2.0539,1.1936,13.820
6.1880,12.7833,1.7597,1.1770,12.957
6.2000,12.0454,1.2801,1.3045,12.183
6.2030,11.4549,0.7477,1.6356,11.595
6.2100,11.1391,-0.0679,2.1479,11.345
6.2170,11.0074,-1.0822,2.4840,11.336
6.2230,10.8359,-2.0180,2.7232,11.354
6.2330,10.4624,-2.9690,2.6478,11.193
6.2460,9.7326,-3.5109,2.1768,10.573
6.2530,8.9851,-3.9187,1.6308,9.937
6.2650,8.2019,-4.3484,1.0734,9.345
6.2730,7.3802,-4.9029,0.6636,8.885
6.2830,6.5183,-5.5933,0.6302,8.612
6.3010,5.5558,-6.1479,0.7046,8.316
6.3050,4.4707,-6.6750,0.9037,8.084
6.3340,3.4276,-7.1554,1.1271,8.014
6.3360,2.3832,-7.4684,1.1285,7.920
6.3380,1.3756,-7.4426,0.7781,7.609
6.3480,0.6810,-7.3617,0.3999,7.404
6.3550,0.2311,-7.4603,-0.2492,7.468
6.3650,0.0029,-7.7543,-0.9674,7.814
6.3740,-0.0235,-8.3049,-1.2317,8.396
6.3830,0.0032,-8.8810,-1.4167,8.993
6.3940,-0.2103,-9.4348,-1.5104,9.557
6.4030,-0.5608,-9.7046,-1.4401,9.827
6.4160,-0.9501,-9.7382,-1.2601,9.865
6.4230,-1.3660,-9.7820,-1.1701,9.946
6.4340,-1.6728,-9.7925,-1.0502,9.990
6.4760,-1.6959,-10.1701,-1.2176,10.382
6.4790,-1.7178,-10.7927,-1.6814,11.057
6.4820,-1.8645,-11.3702,-2.3688,11.763
6.4840,-2.0159,-11.7816,-3.1546,12.362
6.4880,-2.4250,-11.9677,-3.7897,12.785
6.5000,-3.1969,-11.9178,-4.1644,13.023
6.5300,-4.4931,-11.8039,-4.0563,13.266
6.5320,-5.8473,-11.6862,-3.4747,13.522
6.5340,-7.0908,-11.6491,-2.0814,13.795
6.5380,-8.5504,-11.7630,-0.5702,14.553
6.5490,-9.9377,-11.7501,0.8692,15.414
6.5540,-11.1004,-11.7205,1.7329,16.235
6.5640,-11.8440,-11.5366,2.1006,16.667
6.5730,-11.9761,-11.7400,1.8808,16.876
6.5840,-11.0107,-12.4938,1.3027,16.704
6.5960,-9.7950,-13.7746,0.1989,16.903
6.6040,-9.8061,-14.4936,-1.3304,17.550
6.6870,-11.5115,-13.6383,-2.2622,17.990
6.6900,-13.7635,-12.1595,-2.3219,18.512
6.6940,-15.5046,-11.0584,-2.1668,19.167
6.6970,-15.8359,-10.5495,-2.0085,19.134
6.7010,-14.4548,-10.8964,-1.3687,18.153
6.7020,-11.3270,-12.1438,-0.7877,16.625
6.7040,-8.6062,-13.2152,-0.7727,15.789
6.7060,-6.3466,-13.6380,-1.0496,15.079
6.7070,-4.5942,-13.9459,-1.5992,14.770
6.7140,-3.4869,-14.0916,-2.2766,14.694
6.7250,-2.9222,-13.8600,-2.6867,14.417
6.7290,-2.6502,-13.5325,-2.8722,14.086
6.7370,-2.2828,-13.4567,-2.9171,13.957
6.7540,-1.7904,-13.4298,-2.9106,13.858
6.8030,-1.4206,-13.2641,-2.6243,13.596
6.8070,-1.3310,-12.7066,-2.1115,12.949
6.8120,-1.4720,-11.8621,-1.5429,12.052
6.8140,-1.5992,-11.3100,-1.0054,11.467
6.8160,-1.5051,-10.8659,-0.4071,10.977
6.8170,-1.4369,-10.4483,0.1977,10.548
6.8220,-1.2161,-10.1454,0.7560,10.246
6.8280,-0.7735,-9.6983,0.9157,9.772
6.8340,-0.2174,-9.3146,0.6268,9.338
6.8530,0.5594,-9.1203,0.1708,9.139
6.9010,1.8369,-8.7643,-0.5321,8.971
6.9040,3.1168,-8.1776,-1.3583,8.856
6.9060,4.2239,-7.5723,-2.2773,8.965
6.9080,5.0939,-6.9404,-3.2323,9.196
6.9130,5.5339,-6.3140,-3.8086,9.219
6.9140,5.6946,-5.5341,-4.2791,9.020
6.9200,5.6814,-4.9040,-4.4530,8.727
6.9710,5.9115,-4.3537,-4.6373,8.684
6.9720,6.2668,-4.0004,-4.7664,8.831
6.9730,6.7636,-3.4969,-4.4056,8.797
6.9770,7.2498,-2.8545,-3.9569,8.739
6.9800,7.8067,-2.4840,-3.6340,8.962
6.9820,8.4136,-2.2965,-3.1702,9.280
6.9850,8.7577,-1.8603,-2.5955,9.322
6.9950,8.9238,-1.4924,-1.9119,9.247
7.0050,9.0235,-1.1089,-1.4302,9.203
7.0160,9.1064,-0.6232,-1.0713,9.190
7.0230,9.3920,-0.2818,-0.8253,9.432
7.0390,9.8192,0.0447,-0.6348,9.840
7.0900,10.3118,0.3431,-0.4563,10.328
7.0960,10.7340,0.7721,-0.0510,10.762
7.0980,11.2345,1.0019,0.3337,11.284
7.1000,11.9555,0.9717,0.7355,12.017
7.1030,12.5981,1.1613,1.2539,12.714
7.1050,13.0963,1.7159,1.9264,13.348
7.1080,13.4408,2.2878,2.2832,13.824
7.1180,13.7598,2.4815,2.5371,14.210
7.1310,14.1531,2.2842,2.6632,14.582
7.1360,14.4499,2.1763,3.0438,14.926
7.1450,14.3658,2.4994,3.3897,14.970
7.1540,14.1171,2.9201,3.6965,14.882
7.1640,13.7395,3.3873,3.7017,14.627
7.1730,13.8685,3.5754,3.3634,14.712
7.1920,14.3766,3.4551,2.8304,15.054
7.1980,14.9100,3.1254,2.3578,15.415
7.2030,15.0215,2.6906,2.1035,15.405
7.2380,14.6572,2.1250,2.1465,14.965
7.2400,14.0818,1.6140,2.2461,14.351
7.2430,13.3099,1.0894,2.4899,13.585
7.2460,12.6387,0.6942,2.9357,12.994
7.2560,11.9360,0.3988,3.5600,12.462
7.2650,11.9237,-0.0644,4.2289,12.652
7.2750,12.2606,-0.7050,4.7274,13.159
7.2850,12.7717,-1.6384,4.8240,13.750
7.2940,12.8465,-2.7385,4.0747,13.753
7.3100,12.6611,-3.6799,2.9277,13.506
7.3170,11.9250,-4.6170,1.7548,12.907
7.3230,10.8293,-5.3205,0.9686,12.105
7.3520,9.6357,-5.9562,0.4011,11.335
7.3540,8.6053,-6.3809,0.2451,10.716
7.3570,7.7096,-6.9209,0.1887,10.362
7.3640,6.7074,-7.3927,0.3548,9.988
7.3810,5.9027,-7.9335,0.4050,9.897
7.3850,5.0724,-8.5911,0.6162,9.996
7.4010,4.1770,-9.1187,0.7482,10.058
7.4110,3.2566,-9.6085,0.8249,10.179
7.4150,2.4449,-10.0910,0.6356,10.402
7.4230,1.8512,-10.4423,0.2621,10.608
7.4480,1.6214,-10.8556,-0.2726,10.979
7.4510,1.1944,-11.4255,-0.5171,11.499
7.5000,0.6643,-11.8271,-0.5088,11.857
7.5020,-0.0111,-12.0771,-0.4328,12.085
7.5050,-0.5959,-12.3249,-0.3959,12.346
7.5070,-1.1617,-12.7266,-0.3885,12.785
7.5090,-1.8338,-13.1614,-0.4460,13.296
7.5130,-2.4449,-13.5757,-0.5098,13.803
7.5190,-2.9545,-13.5824,-0.8224,13.924
7.6060,-3.6563,-13.5868,-1.1357,14.116
7.6090,-4.2846,-13.3747,-1.4772,14.122
7.6140,-5.1611,-13.0373,-1.5835,14.111
7.6210,-6.0151,-12.6968,-1.3668,14.116
7.6220,-6.8568,-12.4586,-1.1337,14.266
7.6230,-7.6825,-12.3311,-0.7629,14.548
7.6250,-8.6559,-12.0790,-0.1733,14.861
7.6320,-9.4196,-11.7156,0.2429,15.035
7.6330,-10.1190,-11.5111,0.6533,15.340
7.6350,-10.8712,-11.6212,0.7171,15.930
7.6370,-11.8606,-11.7077,0.8155,16.686
7.6400,-13.0373,-11.6237,0.8830,17.489
7.6450,-14.1168,-11.4809,0.9195,18.219
7.6560,-14.4855,-11.9585,0.6174,18.794
7.6750,-13.8315,-12.5254,-0.4624,18.666
7.6790,-13.7318,-12.6129,-1.6078,18.715
7.6840,-14.3104,-12.1566,-2.3478,18.923
7.6940,-14.7603,-11.7796,-2.5901,19.061
7.7150,-14.5760,-12.0327,-2.4560,19.060
7.7190,-13.6876,-12.6765,-1.6134,18.726
7.7240,-11.7685,-13.5012,-0.1902,17.911
7.7340,-9.5293,-14.2423,0.9549,17.163
7.7500,-7.1178,-14.6167,1.7622,16.353
7.7550,-4.8296,-14.6257,2.1615,15.553
7.7980,-3.1668,-14.4839,1.8688,14.943
7.8000,-2.1027,-14.3032,0.9390,14.487
7.8020,-1.5132,-14.0820,-0.1212,14.164
7.8110,-1.0551,-13.8740,-1.2148,13.967
7.8140,-0.8255,-13.7255,-2.5056,13.977
7.8180,-0.7003,-13.4576,-3.6615,13.964
7.8230,-0.7484,-13.1413,-4.3563,13.865
7.8350,-1.0876,-12.5655,-4.4311,13.368
7.8490,-1.6838,-11.8624,-3.9813,12.625
7.8550,-2.2949,-11.2127,-3.1267,11.865
7.8650,-2.6787,-10.6978,-2.2987,11.265
7.8730,-2.7407,-10.2413,-1.4013,10.694
7.8910,-2.2715,-9.7692,-0.5451,10.045
7.9070,-1.6921,-9.3058,0.0640,9.459
7.9460,-0.9923,-8.6776,0.4086,8.744
7.9480,-0.2414,-8.1623,0.3316,8.173
7.9510,0.7308,-7.6650,0.1056,7.700
7.9520,1.5963,-7.2165,-0.3552,7.400
7.9540,2.4613,-6.6562,-0.9536,7.160
7.9580,3.0901,-6.1392,-1.6282,7.063
7.9660,3.7028,-5.8225,-2.2646,7.262
7.9750,4.1071,-5.5810,-2.7341,7.449
7.9840,4.5197,-5.3112,-2.9361,7.567
7.9990,4.9548,-5.2036,-3.0662,7.812
8.0050,5.4612,-5.1704,-3.0135,8.102
8.0180,5.8436,-5.0670,-2.7566,8.211
8.0250,6.3266,-4.8217,-2.2412,8.264
8.0410,6.7508,-4.4544,-1.5824,8.241
8.0450,7.4330,-4.3814,-1.0628,8.693
8.0760,8.1381,-4.3945,-0.7447,9.279
8.0820,8.7128,-3.8421,-0.2833,9.527
8.0850,9.5374,-3.6346,-0.1929,10.208
8.0880,10.7994,-3.7951,-0.1922,11.448
8.0980,11.7304,-3.5875,-0.1346,12.267
8.1060,12.6385,-3.0783,0.0132,13.008
8.1190,13.2943,-2.4870,0.2069,13.526
8.1230,13.8049,-1.7693,0.3974,13.923
8.1340,14.1542,-0.9375,0.5697,14.197
8.1460,14.4800,-0.1431,0.8816,14.507
8.1560,14.9497,0.7115,1.1888,15.014
8.1650,15.4033,1.4655,1.6809,15.564
8.1760,15.8408,2.2645,2.1119,16.141
8.1880,16.5290,2.6611,2.7265,16.962
8.2720,17.2961,2.6393,3.1316,17.774
8.2740,17.6715,2.5282,3.3641,18.166
8.2760,17.2730,2.9489,3.1988,17.813
8.2790,16.6471,3.5822,2.6309,17.230
8.2810,16.1798,4.0953,1.7538,16.782
8.2820,16.0885,4.2680,1.0506,16.678
8.2840,16.3785,4.2283,0.6252,16.927
8.2850,16.4452,4.0254,0.3373,16.934
8.2860,16.1979,3.9300,0.1324,16.668
8.2870,15.5158,3.8308,0.1315,15.982
8.2960,14.7059,3.1990,0.1613,15.051
8.3030,14.2785,2.3052,0.4838,14.472
8.3160,13.8526,1.4824,1.2058,13.984
8.3630,13.4732,0.5805,1.9863,13.631
8.3660,13.2451,-0.3970,2.5687,13.498
8.3680,13.2594,-1.7013,2.8574,13.670
8.3690,13.2369,-3.0301,2.7058,13.846
8.3720,13.1929,-4.2410,2.1201,14.019
8.3760,13.0288,-5.3988,1.7781,14.215
8.3900,12.6364,-6.4507,1.3791,14.255
8.3950,12.0491,-7.3721,1.1617,14.173
8.4040,11.2387,-8.2614,0.8839,13.976
8.4250,10.3004,-8.9984,0.7227,13.696
8.4340,9.1532,-9.6456,0.6738,13.314
8.4370,7.8957,-10.0327,0.6303,12.783
8.4550,6.8138,-10.4745,0.5677,12.509
8.4600,5.9186,-11.0514,0.4621,12.545
8.5030,4.8760,-11.6452,0.4045,12.631
8.5060,3.5781,-12.2485,0.3956,12.767
8.5080,2.1282,-12.6194,0.2862,12.801
8.5100,0.7482,-12.7942,0.1032,12.816
8.5160,-0.2520,-12.9334,-0.0558,12.936
8.5240,-1.1789,-13.0710,-0.0363,13.124
8.5730,-1.7838,-13.0836,0.0441,13.205
8.5750,-1.9906,-13.1980,0.0959,13.348
8.5770,-2.0921,-13.3946,0.1022,13.557
8.5790,-1.9824,-13.6707,-0.0301,13.814
8.5800,-2.0856,-13.7832,-0.1562,13.941
8.5830,-2.2033,-14.0547,-0.1651,14.227
8.5890,-2.5618,-14.0341,-0.0818,14.266
8.6010,-3.2110,-13.7173,0.0657,14.088
8.6060,-4.0281,-13.5377,0.0975,14.125
8.6380,-4.9480,-13.2314,0.0294,14.126
8.6400,-6.1543,-12.9606,0.0508,14.348
8.6430,-7.4658,-12.5904,0.3895,14.643
8.6490,-8.3993,-12.3451,0.8934,14.958
8.6580,-8.7308,-12.2385,1.3793,15.097
8.6680,-8.8734,-12.3078,1.6320,15.261
8.6760,-9.3314,-12.3626,1.7499,15.588
8.6880,-9.8286,-12.4134,1.8434,15.940
8.6990,-11.0083,-12.4826,1.9715,16.760
8.7050,-12.6048,-12.4220,2.0396,17.814
8.7150,-13.8838,-12.3491,2.0984,18.699
8.7300,-14.3237,-12.9589,1.8891,19.408
8.7350,-13.9293,-14.1942,0.3288,19.890
8.7420,-13.7528,-14.3374,-1.9664,19.964
8.7540,-14.5184,-13.2274,-4.2955,20.105
8.7700,-15.0780,-12.5246,-5.6031,20.386
8.7740,-15.0785,-12.5303,-6.1502,20.547
8.8160,-14.3036,-12.7546,-5.7217,20.000
8.8190,-12.3000,-13.4579,-4.1666,18.702
8.8210,-9.8388,-14.7087,-2.6617,17.895
8.8240,-7.5654,-15.4766,-1.5054,17.292
8.8270,-5.6762,-15.4894,-0.4017,16.502
8.8360,-4.3675,-15.2484,0.2747,15.864
8.8430,-3.5174,-15.1459,0.8254,15.571
8.8560,-3.1774,-15.0579,1.0547,15.426
8.8670,-3.0693,-14.9001,1.1858,15.259
8.8730,-2.8428,-14.8332,0.7376,15.121
8.8840,-2.5106,-14.7517,0.0041,14.964
8.9030,-2.3584,-14.3606,-0.7347,14.571
8.9080,-2.2550,-13.7588,-0.9564,13.975
8.9150,-2.1650,-13.1830,-1.0758,13.403
8.9260,-2.0725,-12.6005,-1.1064,12.818
8.9410,-1.7263,-11.9636,-1.4799,12.178
8.9820,-1.1973,-11.3724,-1.8862,11.590
8.9840,-0.5751,-10.8291,-2.3855,11.104
8.9870,0.1604,-10.3511,-2.9715,10.770
8.9880,0.9591,-9.7934,-3.5911,10.475
8.9910,1.8600,-9.3098,-4.0542,10.323
9.0080,2.6544,-9.0738,-4.3399,10.403
9.0100,3.1875,-8.6965,-4.3975,10.253
9.0920,3.4392,-8.3737,-3.8981,9.856
9.0980,3.4415,-8.2153,-3.2063,9.467
9.1000,3.4558,-8.1410,-2.2336,9.122
9.1020,3.7728,-8.0944,-1.2331,9.015
9.1030,4.4922,-8.2640,-0.2493,9.409
9.1040,5.5570,-8.4494,0.6972,10.137
9.1060,6.0511,-8.2106,1.2260,10.273
9.1070,6.5082,-7.7786,1.2734,10.222
9.1080,7.2247,-7.5557,1.0531,10.507
9.1100,8.5658,-7.2373,0.7149,11.237
9.1180,9.9873,-6.7917,0.2661,12.081
9.1240,11.2349,-6.3715,0.0462,12.916
9.1410,12.1485,-5.8460,0.0529,13.482
9.2150,12.5211,-5.0138,0.3933,13.493
9.2170,13.1355,-4.5817,0.9073,13.941
9.2190,14.0032,-4.5997,1.5913,14.825
9.2200,14.6379,-4.4001,2.5881,15.503
9.2230,14.9676,-3.6881,3.5263,15.813
9.2250,14.9367,-2.5556,4.3216,15.758
9.2260,15.0595,-1.2901,4.9393,15.901
9.2290,15.5228,-0.1230,4.8405,16.260
9.2310,16.2651,1.1012,4.4884,16.909
9.2430,17.3488,1.9435,3.8379,17.874
9.2530,18.4678,2.5637,3.3296,18.940
9.3130,19.2899,2.8685,2.8875,19.715
9.3160,19.3931,3.2393,2.7302,19.850
9.3190,18.9629,3.7887,2.5377,19.503
9.3210,18.1592,4.4071,2.3629,18.835
9.3220,17.7479,4.8882,2.3020,18.552
9.3240,17.9867,4.7902,2.6518,18.802
9.3270,18.5730,4.2183,2.9490,19.273
9.3330,18.7269,3.8346,3.2977,19.398
9.3350,18.1345,3.6069,3.5260,18.823
9.3490,17.4153,3.1033,3.5084,18.034
9.3540,16.7870,2.2923,3.1217,17.228
9.3640,16.2852,1.5391,2.6654,16.574
9.3730,15.9675,0.5193,2.3288,16.145
9.3850,15.7094,-0.5791,2.1837,15.871
9.3930,15.3665,-1.7166,2.2129,15.620
9.4230,14.8693,-3.1172,2.2973,15.365
9.4260,14.1109,-4.2726,2.2990,14.922
9.4290,13.0442,-5.4122,2.1208,14.281
9.4360,11.8528,-6.3872,1.9040,13.598
9.4440,10.5151,-7.1139,1.5063,12.785
9.4540,9.2569,-7.7033,0.9921,12.084
9.4650,8.3384,-8.3296,0.6829,11.806
9.4740,7.6642,-8.9335,0.3611,11.776
9.4830,7.1376,-9.5348,-0.0702,11.911
9.5010,6.5910,-10.1654,-0.3047,12.119
9.5050,6.0652,-10.8121,-0.5726,12.410
9.5550,5.4619,-11.4549,-0.5307,12.702
9.5570,4.7906,-12.0667,-0.4178,12.990
9.5590,4.1197,-12.5259,-0.3731,13.191
9.5600,3.4363,-12.8745,-0.1455,13.326
9.5610,2.6292,-12.9549,-0.1810,13.220
9.5910,2.0877,-13.4156,-0.2337,13.579
9.5980,1.4190,-14.0351,-0.4880,14.115
9.5990,0.5217,-14.3925,-0.8885,14.429
9.6010,-0.4010,-14.4975,-1.1835,14.551
9.6080,-1.3284,-14.5180,-1.6794,14.675
9.6180,-2.2505,-14.5120,-1.9673,14.817
9.6260,-3.0893,-14.4812,-2.2324,14.974
9.6370,-4.0620,-14.4990,-2.1148,15.205
9.6430,-5.1085,-14.4489,-1.7344,15.423
9.6600,-6.0913,-14.0628,-0.8539,15.349
9.7100,-6.8115,-13.7157,0.1040,15.314
9.7130,-6.9598,-13.5779,0.7236,15.275
9.7160,-6.9942,-13.5760,1.2685,15.324
9.7170,-6.9137,-13.6635,1.6176,15.398
9.7240,-7.5921,-13.5317,1.7094,15.610
9.7260,-8.9301,-13.2256,1.4100,16.020
9.7270,-10.4021,-13.3880,1.2251,16.998
9.7340,-12.1192,-13.9188,1.0274,18.484
9.7430,-14.2414,-14.3220,1.0502,20.225
9.7530,-16.6430,-14.2075,0.8743,21.900
9.7650,-18.6199,-13.8656,0.6466,23.224
9.7730,-18.5606,-14.0521,-0.2686,23.282
9.7880,-16.5617,-15.0094,-2.2020,22.459
9.7920,-15.6739,-14.8271,-4.5551,22.051
9.8350,-15.9615,-13.5870,-5.3422,21.631
9.8380,-15.6035,-13.9157,-4.3081,21.347
9.8400,-14.9759,-14.8834,-2.2813,21.237
9.8420,-13.6253,-15.9201,0.1297,20.955
9.8500,-11.6497,-17.2037,1.8694,20.861
9.8570,-9.9996,-17.7591,2.7963,20.572
9.8670,-8.9450,-17.9127,3.0790,20.257
9.8750,-8.2158,-17.7585,2.8179,19.769
9.8890,-7.6176,-17.4194,2.3551,19.158
9.8970,-6.7599,-17.1761,1.8071,18.547
9.9110,-5.5144,-17.2631,1.2753,18.167
9.9210,-4.2275,-17.2189,0.8010,17.748
9.9240,-3.0590,-16.9020,0.1467,17.177
9.9780,-2.0651,-16.3084,-0.3697,16.443
9.9800,-1.6618,-15.7332,-1.0924,15.858
9.9820,-1.5518,-15.1413,-1.8575,15.334
9.9840,-1.2889,-14.6677,-2.8511,14.998
9.9860,-0.9476,-14.3436,-3.8814,14.890
9.9940,-0.3008,-13.9052,-4.5116,14.622
10.0040,0.3481,-13.3761,-4.8576,14.235
10.0100,1.4493,-12.9858,-4.9591,13.976
10.0160,2.5355,-12.5765,-5.1614,13.829
10.0230,3.3761,-12.2135,-5.2844,13.729
10.0350,3.8547,-11.8858,-5.3198,13.581
10.0480,4.0166,-11.5777,-4.8830,13.192
10.0570,4.0112,-11.1545,-4.0367,12.522
10.0640,4.2094,-10.9789,-2.6474,12.053
10.0740,4.7248,-10.9447,-0.8062,11.948
10.0920,5.5639,-10.6548,1.6202,12.129
10.1480,6.9124,-9.9846,4.0695,12.808
10.1510,9.0277,-9.0475,5.8067,14.038
10.1550,11.3869,-8.0098,6.2792,15.272
10.1560,13.6537,-6.6663,5.3303,16.102
10.1580,15.2727,-5.3836,3.4197,16.551
10.1590,16.3620,-4.2727,1.3361,16.963
10.1600,16.8527,-3.0870,-0.6102,17.144
10.1780,17.3439,-2.2855,-1.9781,17.605
10.2470,17.8616,-1.6338,-2.7389,18.144
10.2490,17.9296,-0.8163,-3.0188,18.200
10.2500,17.7285,-0.1680,-2.6930,17.933
10.2520,17.2595,0.3847,-2.1741,17.400
10.2560,16.7733,0.6757,-1.6852,16.871
10.2580,16.1836,1.0276,-1.4248,16.279
10.2590,15.9415,1.2748,-1.4988,16.062
10.2610,15.8535,1.6291,-1.6609,16.023
10.2630,15.8922,1.8995,-1.7118,16.097
10.2680,16.0374,2.0774,-1.6884,16.259
10.2730,16.0930,2.0960,-1.3116,16.282
10.2850,16.0028,2.2724,-0.2639,16.165
10.2940,15.7387,2.6313,1.0079,15.989
10.3840,15.3468,3.3464,2.4376,15.895
10.3860,14.9479,4.2181,3.2055,15.859
10.3890,14.9906,4.8693,3.2440,16.092
10.3920,15.3700,5.4041,2.5931,16.497
10.3930,16.6465,5.2292,1.8310,17.544
10.3970,18.5312,4.6714,1.4653,19.167
10.3980,19.8771,3.9413,1.3272,20.307
10.4000,20.4341,3.0211,1.1847,20.690
10.4010,20.1326,2.0055,1.0102,20.257
10.4020,19.0760,0.7327,0.9390,19.113
10.4240,17.5572,-0.6353,0.8234,17.588
10.4260,16.4793,-2.2250,1.0449,16.662
10.4290,15.5907,-3.9463,1.5749,16.159
10.4730,14.5893,-5.6503,1.9277,15.764
10.4770,13.6205,-7.2553,2.2800,15.600
10.4790,12.5562,-8.7072,2.5432,15.490
10.4830,11.4115,-10.1267,2.1333,15.405
10.4860,10.5791,-11.2474,1.2442,15.491
10.4890,9.9254,-12.2602,0.3765,15.779
10.5230,9.5116,-12.8780,-0.2334,16.011
10.5250,8.9091,-13.2367,-0.2104,15.957
10.5260,8.2261,-13.4174,0.1467,15.739
10.5890,7.2308,-13.6619,0.6688,15.472
10.5910,6.0962,-13.8863,0.8669,15.190
10.5920,4.8281,-14.3240,1.1358,15.158
10.5930,3.5604,-14.6576,1.3234,15.142
10.5940,1.8373,-15.0233,1.2761,15.189
10.5950,0.1983,-15.2165,1.0769,15.256
10.6000,-1.2566,-15.1199,0.6719,15.187
10.6010,-2.2115,-14.8657,-0.0903,15.030
10.6360,-2.4465,-14.9408,-0.9499,15.170
10.6380,-3.0581,-15.0447,-1.6983,15.446
10.6400,-4.2654,-14.7103,-2.1897,15.472
10.6430,-5.6273,-14.4142,-2.5424,15.681
10.6510,-6.7593,-13.9836,-2.8240,15.786
10.6550,-7.1230,-13.8512,-3.0389,15.869
10.6700,-7.0144,-13.8814,-3.0571,15.851
10.6770,-6.8631,-13.7083,-3.2247,15.666
10.7220,-6.9037,-13.3714,-3.6227,15.478
10.7250,-7.0008,-13.1733,-3.8999,15.419
10.7270,-7.5349,-12.8187,-3.9114,15.375
10.7300,-8.3402,-12.4964,-3.3684,15.397
10.7330,-9.5521,-12.3104,-2.6969,15.813
10.7370,-10.6118,-12.3331,-1.8832,16.379
10.7440,-11.5019,-12.7589,-0.8436,17.199
10.7560,-11.9856,-13.1184,-0.3464,17.773
10.7630,-12.6924,-12.8844,-0.0046,18.086
10.7780,-13.2609,-12.3896,0.2803,18.150
10.8300,-13.2014,-12.0891,0.5036,17.907
10.8340,-12.0607,-12.6232,0.1304,17.459
10.8360,-11.1325,-13.5903,-1.2540,17.613
10.8400,-12.0453,-13.3542,-2.5648,18.166
10.8430,-13.4932,-12.5999,-2.6278,18.648
10.8490,-14.4631,-12.5263,-2.1654,19.256
10.8520,-14.9071,-12.7406,-1.4701,19.665
10.8570,-14.1295,-13.0718,-0.1463,19.249
10.8650,-11.9244,-13.9652,1.0633,18.394
10.8740,-9.1946,-14.6639,1.4994,17.373
10.8850,-6.6390,-14.7266,1.5466,16.228
10.8930,-4.7304,-14.2147,1.0074,15.015
10.9050,-3.9385,-13.7358,-0.2992,14.292
10.9260,-3.6392,-13.4273,-1.8884,14.039
10.9300,-3.6833,-13.3444,-3.5985,14.303
10.9750,-3.4529,-13.6030,-5.1433,14.947
10.9780,-3.4491,-13.7743,-6.1747,15.484
10.9840,-3.6891,-13.6946,-6.4942,15.599
10.9890,-3.8014,-13.4111,-5.8881,15.132
10.9950,-3.4668,-13.0777,-4.6139,14.295
11.0000,-3.0435,-12.6278,-3.2634,13.393
11.0020,-2.6498,-12.1017,-2.0769,12.561
11.0080,-2.1492,-11.5758,-1.0665,11.822
11.0150,-1.5208,-11.1259,-0.2060,11.231
11.0250,-0.7601,-10.7519,0.1455,10.780
11.0360,0.0971,-10.4475,-0.0837,10.448
11.0440,0.7107,-10.1365,-0.5897,10.178
11.0560,1.3352,-9.7677,-1.3011,9.944
11.0720,1.9572,-9.4425,-2.2295,9.898
11.0750,2.7209,-8.9367,-2.7834,9.748
11.1510,3.8600,-8.6310,-3.3673,10.037
11.1530,4.7833,-8.3277,-3.7167,10.298
11.1550,5.6498,-7.9584,-3.8364,10.487
11.1570,6.4235,-7.6302,-3.7586,10.659
11.1600,7.4605,-7.4173,-3.3964,11.055
11.1620,8.7307,-7.4956,-2.8993,11.867
11.1660,9.5688,-7.3438,-2.2415,12.269
11.1680,10.0009,-6.4653,-1.7070,12.030
11.1700,10.9265,-5.9471,-1.1399,12.492
11.1750,11.8641,-5.5230,-0.9026,13.118
11.1900,12.6716,-4.8816,-0.8205,13.604
11.1990,13.3590,-4.2920,-0.7380,14.051
11.2050,13.7858,-3.8491,-0.4338,14.320
11.2130,14.0203,-3.3832,0.1167,14.423
11.2470,14.1162,-3.2749,0.9243,14.521
11.2490,13.9392,-2.8739,1.8569,14.353
11.2510,13.8562,-2.1623,2.8557,14.312
11.2540,13.9469,-1.5727,3.6130,14.493
11.2640,14.2035,-0.9201,4.4054,14.899
11.2850,14.3009,-0.0289,4.6768,15.046
11.2900,14.6228,0.7442,4.7639,15.397
11.3000,15.3038,1.2386,4.6173,16.033
11.3120,16.0694,1.3312,4.5657,16.758
11.3270,16.2344,1.9288,4.3988,16.930
11.3300,16.0468,2.9860,3.9661,16.797
11.3380,16.0506,3.6366,3.2424,16.774
11.3440,15.6887,4.6078,2.5554,16.550
11.3560,15.5925,5.3801,2.2315,16.645
11.3740,15.8845,5.5373,1.8453,16.923
11.3780,16.1842,5.5146,1.6537,17.178
11.3840,16.5220,5.2509,1.9233,17.443
11.3920,16.5078,4.7014,2.5714,17.356
11.4480,16.2926,4.0390,3.2852,17.104
11.4510,15.8815,3.0526,3.7376,16.598
11.4530,15.5410,2.0425,3.9338,16.161
11.4540,15.3156,0.5035,3.8718,15.805
11.4550,14.8441,-0.9259,3.5379,15.288
11.4590,14.2133,-2.0292,3.3593,14.745
11.4640,13.3267,-2.9392,3.0785,13.990
11.4770,12.3453,-3.6160,2.8285,13.171
11.4880,11.3674,-3.9231,2.6763,12.319
11.4990,10.4143,-4.2031,2.5970,11.527
11.5120,9.6547,-4.6590,2.3422,10.973
11.5270,9.0124,-5.2158,2.0723,10.617
11.5300,8.2374,-5.8001,1.6851,10.215
11.5840,7.4487,-6.4335,1.4892,9.954
11.5860,6.7673,-7.2118,1.1944,9.962
11.5880,5.9192,-8.0038,0.8533,9.991
11.5890,5.0238,-8.8081,0.5452,10.155
11.5900,4.1108,-9.3875,0.2075,10.250
11.5920,3.2886,-9.7604,-0.1317,10.300
11.5990,2.9213,-10.4001,-0.6757,10.824
11.6100,3.0012,-10.8617,-0.9640,11.310
11.6730,3.3726,-11.3176,-1.1330,11.864
11.6750,3.4549,-11.7338,-1.1241,12.283
11.6760,3.3001,-12.2072,-1.2463,12.707
11.6780,2.8747,-12.7582,-1.0918,13.124
11.6800,2.2136,-13.1568,-0.6832,13.359
11.6810,1.1986,-13.7470,-0.2265,13.801
11.6920,0.1540,-14.3241,-0.1112,14.325
11.7090,-1.0140,-14.6652,0.0497,14.700
11.7110,-2.3826,-14.8305,0.2176,15.022
11.7120,-3.6991,-14.8049,0.2310,15.262
11.7170,-4.8281,-14.7309,0.0463,15.502
11.7260,-5.5128,-14.9135,-0.5440,15.909
11.7660,-5.8905,-15.2767,-1.4498,16.437
11.7680,-6.5625,-15.4334,-2.4804,16.953
11.7700,-8.0968,-15.4596,-3.0843,17.722
11.7900,-10.0976,-15.3759,-3.4019,18.707
11.7950,-12.6276,-15.8798,-3.1973,20.539
11.7980,-15.3671,-15.3326,-1.9112,21.792
11.8030,-17.4747,-14.9127,-0.2258,22.974
11.8080,-17.7168,-16.1782,-0.0324,23.992
11.8160,-17.1324,-17.5214,-2.0743,24.593
11.8250,-18.1802,-16.6732,-4.7690,25.125
11.8850,-19.4963,-14.9529,-5.9232,25.274
11.8890,-18.6824,-15.1995,-5.7084,24.752
11.8910,-16.0476,-16.4357,-4.2513,23.361
11.8940,-13.4011,-17.6346,-1.9075,22.231
11.8960,-10.3504,-18.3948,0.3441,21.110
11.8980,-8.0111,-18.3198,1.8660,20.082
11.9040,-6.2244,-17.7521,2.5876,18.989
11.9100,-5.1738,-17.6343,2.6123,18.562
11.9160,-4.7912,-17.1954,1.8726,17.948
11.9230,-4.7458,-16.8473,0.6215,17.514
11.9390,-4.8556,-16.5478,-1.1450,17.283
11.9450,-4.9420,-16.2770,-2.5812,17.205
11.9580,-5.2093,-15.8845,-3.2870,17.037
11.9630,-5.5207,-15.5741,-3.4470,16.879
12.0180,-5.5471,-14.9958,-2.7235,16.219
12.0220,-4.9687,-14.5247,-1.4701,15.421
12.0230,-4.4663,-13.9118,-0.7438,14.630
12.0250,-3.6252,-13.2863,-0.0512,13.772
12.0280,-2.7741,-12.5928,0.3072,12.898
12.0340,-1.6092,-12.2319,0.2985,12.341
12.0380,-0.6615,-11.7551,-0.4476,11.782
12.0450,0.4557,-11.3900,-1.5557,11.505
12.0570,1.5793,-10.9112,-2.9212,11.405
12.0630,2.6447,-10.3975,-3.9500,11.433
12.0740,3.6062,-9.9689,-4.6644,11.582
12.0920,4.4067,-9.6075,-4.6383,11.543
12.0950,4.6950,-9.3377,-3.7882,11.117
12.1790,5.0683,-9.1304,-2.5428,10.748
12.1810,5.7987,-9.1821,-1.3909,10.949
12.1830,6.7024,-8.9635,-0.0052,11.192
12.1840,7.8572,-8.4213,1.1719,11.577
12.1860,9.0279,-7.8277,1.9794,12.112
12.1870,10.4530,-7.3530,2.1112,12.953
12.1890,11.8072,-6.7685,1.8592,13.736
12.1900,13.1745,-6.0615,1.2128,14.553
12.1920,14.2868,-5.2858,0.6415,15.247
12.1960,14.8828,-4.3640,0.0627,15.510
12.2220,15.1047,-3.3360,-0.2052,15.470
12.2260,15.1870,-2.4620,-0.0606,15.385
12.2300,15.2826,-1.6910,0.5043,15.384
12.2380,15.6381,-0.8090,1.3744,15.719
12.2550,16.1977,0.0815,1.9389,16.314
12.2590,16.8556,1.0935,2.2854,17.045
12.3220,17.4723,2.1627,1.9969,17.718
12.3250,17.9259,3.1334,1.3183,18.245
12.3270,18.4226,3.9071,0.4427,18.838
12.3350,18.8661,4.5002,-0.2905,19.398
12.3370,19.2020,4.5843,-0.7721,19.757
12.3390,19.1818,4.2330,-0.5850,19.652
12.3410,18.5167,3.8027,0.1114,18.903
12.3450,17.6219,3.8452,0.6525,18.048
12.3610,16.9862,3.9248,0.7420,17.449
12.3630,16.7158,4.3953,0.3144,17.287
12.4170,17.0718,4.6664,-0.0061,17.698
12.4200,17.6481,4.5454,0.0628,18.224
12.4220,18.2794,4.2376,0.3518,18.767
12.4240,18.7316,3.6858,1.3765,19.140
12.4250,18.8372,3.2399,2.8607,19.327
12.4270,18.8113,2.5892,3.8607,19.377
12.4300,18.4924,1.6758,4.3152,19.063
12.4380,17.6308,0.2091,3.7478,18.026
12.4470,16.9052,-1.5054,2.5251,17.159
12.4550,16.3197,-3.6959,1.5530,16.805
12.4640,15.4352,-5.5510,0.6879,16.417
12.4770,14.3654,-7.1385,0.0547,16.041
12.4840,13.4224,-8.4813,-0.4388,15.884
12.4930,12.3537,-9.6293,-0.9126,15.690
12.5050,11.3145,-10.3509,-1.0095,15.368
12.5150,10.2388,-11.0594,-1.0393,15.107
12.5990,9.1297,-11.7181,-0.9022,14.882
12.6020,7.8462,-12.4585,-0.5886,14.735
12.6040,6.0357,-13.1412,-0.1391,14.462
12.6050,3.5816,-13.4337,0.3032,13.906
12.6070,1.0089,-13.3499,0.5334,13.399
12.6080,-1.1748,-13.4025,0.6920,13.472
12.6130,-2.6762,-13.5455,0.2684,13.810
12.6190,-3.3188,-13.6891,-0.5016,14.095
12.6210,-3.0865,-13.8021,-1.2597,14.199
12.6220,-2.1048,-14.3215,-1.5606,14.559
12.6230,-1.1619,-14.6937,-1.9694,14.871
12.6340,-1.1524,-14.4149,-2.4781,14.672
12.6440,-2.1158,-13.9103,-2.6377,14.315
12.6940,-3.3730,-13.6589,-2.2582,14.249
12.6970,-4.6207,-13.6971,-1.7745,14.564
12.7000,-5.6569,-13.9235,-0.9485,15.059
12.7030,-6.0705,-14.0891,0.0895,15.341
12.7040,-5.9315,-14.4136,1.0084,15.619
12.7100,-5.3153,-14.4513,1.2924,15.452
12.7140,-5.1843,-14.0502,1.1629,15.021
12.7230,-5.2966,-13.2466,0.5742,14.278
12.7400,-6.1236,-12.4702,-0.4977,13.902
12.8250,-7.2486,-12.2626,-1.9719,14.381
12.8280,-9.1928,-12.0469,-3.3708,15.524
12.8300,-10.7832,-12.4914,-4.1261,17.010
12.8320,-11.5958,-13.1333,-4.4071,18.066
12.8350,-12.5680,-13.1795,-3.9758,18.640
12.8380,-13.8077,-12.7035,-3.1480,19.025
12.8400,-14.8921,-12.0394,-2.2218,19.278
12.8410,-14.8716,-11.8087,-1.4855,19.048
12.8570,-14.0885,-12.5621,-1.9035,18.971
12.8600,-14.0887,-12.7620,-3.1030,19.261
12.8620,-15.2964,-11.7067,-3.5794,19.592
12.8640,-16.0357,-10.9479,-3.3058,19.696
12.8740,-15.5426,-11.5590,-2.6018,19.544
12.8770,-13.6836,-12.5203,-1.5334,18.610
12.9380,-11.3519,-13.6333,-0.1867,17.742
12.9410,-8.6258,-14.9437,0.6272,17.266
12.9430,-6.0079,-15.9063,1.0178,17.034
12.9450,-4.2105,-16.0082,1.1453,16.592
12.9460,-3.0798,-15.5784,0.8749,15.904
12.9510,-2.5502,-15.1429,0.2232,15.358
12.9550,-1.9108,-15.0211,-0.8637,15.167
12.9750,-1.1995,-14.9880,-2.1637,15.191
12.9770,-0.4918,-15.0183,-3.0752,15.338
12.9810,-0.1561,-14.7793,-3.5662,15.204
13.0380,-0.2233,-14.0302,-3.3108,14.417
13.0420,-0.5607,-13.1693,-2.3098,13.382
13.0450,-0.6403,-12.1844,-0.9653,12.239
13.0480,-0.4683,-11.3354,0.3882,11.352
13.0500,-0.0088,-10.1968,1.1926,10.266
13.0520,0.7167,-9.2883,1.2553,9.400
13.0530,1.6787,-8.3444,0.6525,8.537
13.0550,2.2294,-7.4940,-0.3038,7.824
13.0690,2.3244,-6.6710,-1.2795,7.179
13.1510,2.3629,-6.0574,-2.5348,6.979
13.1530,2.4983,-5.6783,-3.5988,7.172
13.1550,2.7671,-5.4326,-4.8339,7.781
13.1560,2.6248,-4.9912,-6.1532,8.346
13.1580,2.1830,-4.6806,-7.2185,8.876
13.1590,1.5843,-4.7155,-7.8404,9.285
13.1600,0.9831,-4.9507,-7.7889,9.281
13.1610,0.8674,-5.6651,-6.6237,8.759
13.1620,1.6255,-6.6002,-4.7875,8.314
13.1710,2.7789,-7.2813,-2.9352,8.328
13.1800,3.7493,-7.4805,-1.2758,8.464
13.1860,5.1548,-7.3474,0.2486,8.979
13.1950,6.7673,-7.4225,1.6295,10.176
13.2500,8.3289,-7.2693,2.8671,11.421
13.2530,9.6929,-6.7624,3.8664,12.435
13.2550,10.7439,-5.9714,4.6865,13.155
13.2580,11.9420,-5.1810,4.8200,13.881
13.2600,12.9014,-4.1158,4.4776,14.263
13.2640,14.0238,-2.8506,3.9862,14.855
13.2730,15.5235,-1.1400,3.7330,16.007
13.2840,18.0178,-0.0172,3.5686,18.368
13.2930,21.3721,0.6878,3.4743,21.664
13.2960,23.8804,1.3218,3.1394,24.122
13.3070,24.2168,2.0949,2.3814,24.424
13.3250,22.5734,2.6711,2.0712,22.825
13.3320,19.9500,2.2670,1.7260,20.152
13.3850,17.6331,1.6516,1.6800,17.790
13.3890,14.9545,1.7306,1.6222,15.141
13.3910,12.8281,2.2942,1.7530,13.149
13.3930,12.0591,2.9034,2.1850,12.595
13.3950,12.4276,3.2218,3.2491,13.243
13.3980,13.9680,3.1843,4.5204,15.023
13.4020,14.9492,3.0057,5.5854,16.239
13.4100,15.4669,2.8767,6.5995,17.060
13.4190,15.2795,2.6130,7.0601,17.033
13.4260,15.1182,1.9365,6.6381,16.625
13.4340,14.9763,1.0268,5.2739,15.911
13.4440,14.7873,0.0177,3.8782,15.287
13.4580,14.7745,-1.0350,2.6727,15.050
13.4670,14.8026,-2.2713,1.7003,15.072
13.5420,14.7322,-3.4468,1.3143,15.187
13.5450,14.4208,-4.5128,1.3464,15.170
13.5470,14.1210,-5.5592,1.4881,15.249
13.5540,13.6702,-6.9047,1.9592,15.440
13.5560,12.9281,-7.9977,2.5267,15.411
13.5580,11.8996,-8.9371,3.0236,15.186
13.5590,10.7297,-10.0322,3.5100,15.103
13.5600,9.4127,-11.1049,3.6509,15.008
13.5620,7.7398,-11.9576,3.5451,14.678
13.5640,5.8974,-12.5828,3.2210,14.265
13.5800,3.5878,-12.3730,2.5564,13.134
13.6470,1.4036,-11.8175,1.5977,12.007
13.6520,-0.3522,-11.1775,0.5810,11.198
13.6550,-1.5353,-10.6591,-0.1366,10.770
13.6570,-1.8340,-10.4666,-0.6181,10.644
13.6590,-1.2526,-11.1635,-1.0139,11.279
13.6600,-0.2496,-12.8462,-1.3826,12.923
13.6620,-0.2093,-14.1738,-1.5507,14.260
13.6630,-1.4936,-14.2358,-1.6361,14.407
13.6650,-3.3492,-13.8632,-1.6180,14.353
13.6750,-4.9234,-13.8069,-1.4980,14.735
13.6830,-6.8422,-13.5477,-1.2999,15.233
13.6950,-8.7031,-13.2608,-0.8045,15.882
13.7420,-9.4662,-13.6416,-0.4627,16.611
13.7450,-8.4612,-14.3605,-1.0121,16.699
13.7470,-7.3170,-13.9918,-1.9427,15.909
13.7490,-6.4675,-12.9778,-2.2888,14.680
13.7550,-6.1377,-12.5800,-2.6527,14.247
13.7570,-7.3208,-12.4563,-2.8426,14.725
13.7640,-9.6674,-12.2090,-2.6530,15.797
13.7780,-11.8449,-11.6234,-2.1249,16.731
13.7820,-13.5911,-11.3930,-1.4272,17.792
13.8440,-14.5446,-11.7522,-0.9003,18.721
13.8490,-14.7091,-12.2579,-0.7807,19.163
13.8520,-14.7304,-11.7998,-1.2603,18.916
13.8540,-14.2186,-11.2619,-1.4485,18.196
13.8550,-12.4760,-11.6706,-1.7262,17.171
13.8570,-10.1284,-12.9761,-2.9046,16.715
13.8620,-9.2795,-13.7578,-4.8476,17.288
13.8790,-10.6053,-13.2485,-6.1140,18.038
13.8820,-12.5681,-13.1029,-5.3293,18.922
13.9530,-13.3737,-13.9181,-3.9201,19.696
13.9560,-13.3536,-14.9768,-2.2299,20.189
13.9570,-11.7725,-16.5137,-0.2834,20.282
13.9600,-9.6683,-17.7726,1.1246,20.263
13.9610,-8.4926,-17.4218,1.7058,19.456
13.9630,-7.7347,-16.6978,1.7717,18.487
13.9650,-6.9276,-16.2696,1.3457,17.734
13.9670,-6.0592,-16.1712,0.3308,17.272
13.9700,-4.9643,-16.0799,-0.8727,16.851
13.9780,-4.0587,-15.9263,-1.7732,16.531
13.9870,-3.6603,-15.6899,-2.4796,16.301
13.9930,-3.5196,-15.1814,-2.8362,15.840
14.0080,-3.4348,-14.7725,-2.8507,15.432
14.0260,-3.4946,-14.4935,-2.5390,15.124
14.0280,-3.3704,-13.9639,-2.1940,14.532
14.0350,-2.7464,-13.4534,-1.8777,13.859
14.0860,-1.5562,-12.8044,-1.7478,13.017
14.0890,-0.0749,-12.1896,-2.0447,12.360
14.0950,1.4666,-11.5084,-2.5063,11.869
14.0970,3.0697,-10.8904,-3.3905,11.812
14.0990,4.2739,-10.2058,-3.9288,11.741
14.1010,4.8608,-9.5917,-3.8444,11.420
14.1120,4.9404,-8.7816,-3.0055,10.515
14.1780,5.0648,-8.0967,-1.5667,9.678
14.1810,5.7101,-7.5735,-0.1522,9.486
14.1840,6.7695,-7.0848,0.7529,9.828
14.1870,7.9116,-6.6319,1.0342,10.375
14.1890,8.9889,-6.4564,0.8275,11.098
14.1920,9.9211,-6.1156,0.3811,11.661
14.1940,10.9026,-5.5829,-0.2509,12.251
14.1960,12.1175,-4.8725,-0.6278,13.076
14.1980,13.5371,-3.8984,-0.9250,14.118
14.2020,15.0012,-2.8553,-1.1805,15.316
14.2140,16.7690,-1.6473,-1.5337,16.919
14.2300,19.2053,-0.9109,-1.2753,19.269
14.2330,21.9476,-0.5297,-1.1313,21.983
14.2730,23.5410,-0.0594,-1.1128,23.567
14.2750,23.0068,0.9339,-1.4782,23.073
14.2770,21.0626,1.6778,-1.2955,21.169
14.2830,18.9060,2.0436,-0.8542,19.035
14.2900,16.6335,2.1958,-0.6095,16.789
14.2970,14.6175,2.5752,-0.4601,14.850
14.3060,13.4990,2.9222,-0.3039,13.815
14.3130,13.1686,3.1451,-0.1042,13.539
14.3240,13.4717,3.3731,-0.0114,13.888
14.3330,13.7000,3.5063,0.3889,14.147
14.3540,13.9856,3.3493,0.7836,14.402
14.3580,14.1757,2.9316,1.1501,14.521
14.3650,14.0016,2.8043,1.3117,14.340
14.4060,13.8105,2.6508,1.2868,14.121
14.4080,13.4152,2.6330,0.9382,13.703
14.4100,13.4947,2.8789,0.6784,13.815
14.4150,14.5384,2.3099,0.9323,14.750
14.4160,15.5196,1.4279,1.4355,15.651
14.4250,15.7663,0.8119,2.2083,15.941
14.4330,15.7684,0.0923,2.9327,16.039
14.4430,15.7585,-1.0203,3.1997,16.112
14.4580,15.7402,-2.5050,3.1449,16.246
14.4750,15.2270,-3.7915,2.9185,15.961
14.4770,14.5109,-5.3450,2.8157,15.718
14.5290,13.3740,-6.9557,2.6817,15.311
14.5320,11.9107,-8.5515,2.3748,14.854
14.5330,10.2300,-9.7280,1.9655,14.253
14.5370,8.5748,-10.0879,1.2179,13.296
14.5390,7.3952,-10.3726,0.1409,12.740
14.5400,6.6560,-10.6354,-1.1658,12.601
14.5580,6.1313,-10.7709,-2.2495,12.596
14.5600,5.7137,-10.9450,-2.7405,12.647
14.6060,5.2908,-10.9673,-2.6247,12.456
14.6090,4.4973,-10.9878,-1.9278,12.028
14.6110,3.5709,-11.3873,-0.9180,11.969
14.6120,2.4426,-11.7960,0.2747,12.049
14.6150,1.0551,-12.1628,1.4156,12.290
14.6200,-0.0350,-12.3602,2.0842,12.535
14.6280,-0.9883,-11.9617,2.2411,12.210
14.6350,-1.0472,-11.7743,2.2685,12.037
14.6470,-0.8066,-11.7390,2.0907,11.951
14.7200,-0.7960,-11.8129,1.6311,11.952
14.7230,-1.2254,-12.0818,1.4238,12.227
14.7260,-2.3064,-12.5774,1.1193,12.836
14.7270,-3.3868,-12.8244,0.8439,13.291
14.7300,-4.6042,-13.1075,0.8107,13.916
14.7330,-5.9088,-13.2643,0.5230,14.530
14.7350,-6.9685,-13.2947,0.1249,15.011
14.7370,-7.7038,-13.1609,-0.1740,15.251
14.7380,-7.8531,-12.9074,-0.6069,15.121
14.7450,-7.6303,-12.3605,-0.8584,14.551
14.7610,-7.1968,-11.7409,-0.8468,13.797
14.8240,-6.9339,-11.2868,-0.8269,13.272
14.8270,-7.5034,-11.3455,-0.7772,13.624
14.8290,-8.9647,-11.4235,-0.6970,14.538
14.8310,-10.2358,-11.0986,-0.3090,15.101
14.8330,-11.1944,-11.2114,0.5682,15.853
14.8360,-11.6657,-11.6753,0.8764,16.528
14.8380,-11.7237,-12.3000,0.7747,17.010
14.8390,-12.2513,-12.4351,0.4597,17.462
14.8480,-13.6284,-12.2618,0.2901,18.335
14.8570,-15.2677,-12.3596,-0.0910,19.644
14.8630,-15.8472,-12.9586,-0.5757,20.479
14.8750,-15.7826,-13.6421,-1.7469,20.934
14.8830,-15.9282,-13.0702,-2.8237,20.797
14.8940,-15.4073,-12.1776,-2.5750,19.807
14.9120,-13.4948,-12.3438,-1.5880,18.358
14.9150,-11.5328,-12.9357,-0.4176,17.335
14.9700,-9.6973,-13.9027,0.6062,16.961
14.9730,-7.5986,-15.0870,1.8011,16.988
14.9750,-5.9320,-15.8742,2.5035,17.130
14.9770,-4.8626,-15.9748,2.6661,16.910
14.9840,-4.1636,-15.7453,2.2370,16.439
14.9850,-3.6130,-15.4795,1.0229,15.928
14.9970,-3.1328,-15.2944,-0.7432,15.630
15.0060,-2.5394,-15.6490,-2.2347,16.010
15.0140,-2.2662,-15.8592,-2.8993,16.281
15.0220,-2.2292,-15.8513,-3.0901,16.303
15.0290,-2.2484,-15.4759,-2.5887,15.851
15.0330,-2.0332,-15.0808,-1.2363,15.267
15.0450,-1.9404,-14.4095,-0.0765,14.540
15.0610,-1.6421,-13.7991,0.9154,13.927
15.0630,-1.2517,-13.0205,1.5585,13.173
15.1220,-0.7001,-12.1775,1.8301,12.334
15.1240,0.1754,-11.4018,1.5620,11.510
15.1260,1.1060,-10.8234,0.6918,10.902
15.1290,1.8005,-10.2411,-0.7069,10.422
15.1340,2.3335,-9.7106,-2.0770,10.201
15.1370,3.1225,-9.3694,-3.2647,10.402
15.1400,3.8934,-8.8700,-4.1589,10.542
15.1640,4.4792,-8.1677,-4.6268,10.401
15.1660,5.0806,-7.4778,-4.4198,10.063
15.1670,6.0872,-6.9318,-3.5703,9.892
15.2160,7.0271,-6.7711,-2.6481,10.111
15.2220,8.1440,-6.7352,-1.4858,10.672
15.2240,9.8229,-6.7818,-0.0243,11.937
15.2260,11.4202,-6.5198,1.1796,13.203
15.2280,12.3738,-5.8622,1.8408,13.815
15.2300,12.6404,-4.8441,1.8306,13.660
15.2360,12.5414,-3.6871,0.9773,13.109
15.2440,12.6873,-3.2004,-0.1841,13.086
15.2540,12.9186,-2.9015,-1.0869,13.285
15.2700,12.9330,-2.6495,-1.1607,13.253
15.2750,13.2037,-2.4429,-0.3616,13.433
15.2820,13.5360,-2.2602,0.8144,13.748
15.3520,13.7708,-1.9411,2.1143,14.067
15.3550,13.7254,-0.8845,2.7107,14.018
15.3570,13.8331,0.5290,3.2139,14.211
15.3590,14.1047,2.4210,3.1402,14.651
15.3610,15.1473,4.2036,3.1237,16.027
15.3640,16.7854,5.4221,2.8736,17.872
15.3710,18.9948,5.8904,2.6285,20.060
15.3720,20.7726,6.0947,2.3179,21.772
15.3790,21.0500,5.8760,1.8054,21.929
15.3830,19.5843,5.5057,1.3162,20.386
15.3930,17.1394,5.5629,0.7499,18.035
15.4650,15.3906,5.8920,0.3259,16.483
15.4710,14.7132,5.5324,-0.2013,15.720
15.4730,15.1171,4.8896,0.0246,15.888
15.4770,16.0709,4.1642,0.7792,16.620
15.4790,17.3075,2.9781,1.0702,17.594
15.4810,17.9541,1.6953,1.2067,18.074
15.4820,17.7444,0.5916,1.4417,17.813
15.4830,16.8453,-0.6140,1.3632,16.911
15.4910,16.0416,-1.9298,1.1292,16.197
15.4990,15.1663,-3.3307,0.8535,15.551
15.5110,14.2615,-4.7108,0.8318,15.042
15.5150,13.3952,-5.9577,1.0247,14.696
15.5930,12.3163,-7.1030,1.2884,14.276
15.5960,11.5174,-8.2766,1.5646,14.269
15.6040,10.5150,-9.1779,2.1592,14.123
15.6050,9.4366,-9.4915,3.0722,13.732
15.6070,8.3079,-9.6427,4.2444,13.417
15.6090,7.3941,-10.0623,5.4190,13.612
15.6110,6.4256,-10.2710,5.7796,13.423
15.6130,5.3875,-10.8324,5.6826,13.366
15.6150,4.2556,-10.9135,5.0985,12.775
15.6380,3.4675,-11.2205,3.6547,12.300
15.6390,2.9097,-12.1032,1.5580,12.545
15.6410,1.7480,-12.2379,-1.1027,12.411
15.7150,0.3130,-11.9085,-2.7782,12.232
15.7190,-1.0511,-11.3544,-3.3864,11.895
15.7200,-2.3329,-10.8526,-2.9419,11.484
15.7230,-3.3389,-10.8375,-1.8835,11.496
15.7250,-4.4418,-10.7278,-0.4568,11.620
15.7280,-5.0582,-10.8626,0.9786,12.022
15.7290,-5.3655,-11.1710,1.9770,12.549
15.7310,-5.4448,-11.4708,2.6403,12.969
15.7330,-5.3093,-11.8435,2.6182,13.241
15.7370,-4.8670,-12.4642,1.8961,13.514
15.7460,-4.6715,-12.5907,1.1963,13.483
15.8010,-4.9887,-12.4983,1.1380,13.505
15.8050,-5.2134,-12.5825,2.2476,13.804
15.8080,-6.0600,-13.0386,4.0180,14.929
15.8110,-7.4547,-13.3463,5.4298,16.223
15.8130,-9.3678,-13.2309,6.9413,17.635
15.8140,-11.4249,-12.8918,7.5481,18.807
15.8160,-13.2168,-12.4070,7.7114,19.700
15.8230,-14.3037,-12.1437,7.4140,20.175
15.8330,-14.5060,-12.0520,7.1161,20.157
15.8560,-13.9456,-11.7817,7.1168,19.594
15.8650,-13.2398,-11.5059,7.0722,18.913
15.8680,-12.6566,-11.4202,6.9011,18.391
15.9420,-11.4362,-11.8919,5.8017,17.489
15.9450,-9.9162,-12.5712,3.3033,16.349
15.9470,-9.8263,-11.9972,-0.4327,15.514
15.9480,-10.8457,-10.4667,-3.3523,15.441
15.9500,-10.7341,-10.1731,-4.0837,15.342
15.9510,-9.8499,-11.0240,-3.1978,15.125
15.9530,-9.1330,-11.8708,-0.6625,14.992
15.9550,-8.1798,-13.1196,1.9739,15.586
15.9800,-6.8051,-14.5280,3.8495,16.498
15.9840,-5.7382,-14.9958,4.6963,16.729
15.9880,-5.1847,-14.7273,4.7874,16.331
15.9890,-4.3513,-14.4036,4.2703,15.641
15.9980,-3.1878,-14.1266,3.3872,14.873
16.0130,-1.7118,-13.8092,2.4097,14.122
16.0170,-0.5408,-13.4096,1.4379,13.497
16.0280,-0.1308,-12.7125,0.6297,12.729
16.0350,-0.1378,-11.7904,0.2192,11.793
16.0460,-0.7155,-10.9945,-0.0112,11.018
16.0550,-1.2050,-10.3632,-0.4954,10.445
16.0620,-1.5185,-9.9926,-1.1673,10.174
16.0770,-1.6147,-9.8431,-2.0502,10.183
16.0850,-2.2954,-9.7444,-2.8841,10.418
16.0990,-3.4663,-9.1404,-2.1529,10.010
16.1750,-4.2361,-8.1809,0.5383,9.228
16.1780,-3.9844,-7.3530,4.0558,9.295
16.1790,-3.2904,-6.4890,7.2889,10.299
16.1810,-1.9462,-5.9392,8.4413,10.503
16.1820,0.0472,-5.9073,7.1159,9.248
16.1830,2.1215,-5.7536,3.9693,7.305
16.1830,3.3267,-5.5195,-0.1430,6.446
16.1840,3.9343,-4.9037,-4.3148,7.625
16.2370,4.6221,-4.2856,-7.3256,9.664
16.2400,5.3918,-3.6203,-8.6119,10.786
16.2430,6.5736,-3.1041,-8.2036,10.961
16.2450,7.9186,-2.9537,-6.6061,10.727
16.2470,9.3850,-3.0595,-4.5529,10.871
16.2510,10.2377,-3.0552,-2.3440,10.938
16.2530,10.6150,-2.7085,-0.1568,10.956
16.2560,10.6244,-1.9303,1.2617,10.872
16.2640,10.5327,-1.2048,1.3602,10.688
16.2770,10.6349,-0.6166,0.5357,10.666
16.2850,11.0546,-0.1443,-0.6529,11.075
16.3380,11.5081,0.4285,-1.7383,11.647
16.3410,11.9669,0.9694,-2.8707,12.345
16.3420,12.5048,1.1724,-3.9836,13.176
16.3430,13.0152,1.3837,-4.9703,14.000
16.3440,13.3123,1.6285,-5.4695,14.484
16.3520,13.6573,1.8601,-5.5712,14.867
16.3580,14.1993,1.8879,-5.4851,15.338
16.3650,14.5280,1.9330,-5.1489,15.534
16.3800,14.5327,1.7517,-3.9467,15.161
16.3850,13.4926,1.4784,-2.3206,13.770
16.4460,11.8626,1.7223,-0.4472,11.995
16.4490,10.4982,2.6526,1.5215,10.934
16.4510,9.8412,4.0749,2.2653,10.890
16.4540,10.3220,5.3683,1.0942,11.686
16.4580,12.6185,5.9535,-2.1099,14.111
16.4590,15.8842,5.9679,-5.4059,17.809
16.4620,19.7540,5.4104,-7.3572,21.763
16.4660,23.1533,4.0749,-8.1035,24.867
16.4770,23.8542,2.3957,-7.5123,25.124
16.4840,20.8524,0.6696,-5.9256,21.688
16.4950,16.5151,-1.1725,-4.1553,17.070
16.5020,13.0674,-3.0549,-2.7828,13.705
16.5190,10.3138,-4.7262,-1.3084,11.420
16.5250,8.8799,-5.8166,0.2491,10.618
16.5320,8.8556,-6.7682,1.4058,11.234
16.5730,9.5581,-7.6704,2.0698,12.429
16.5760,9.6624,-7.8658,2.3036,12.670
16.5770,9.0265,-7.7087,2.1186,12.058
16.5790,7.7738,-7.5842,1.3685,10.947
16.5850,6.2365,-7.5036,0.4032,9.765
16.5950,4.5508,-7.6118,-0.1289,8.869
16.6070,3.0749,-7.7443,-0.4919,8.347
16.6140,1.8374,-7.7430,-0.7462,7.993
16.6260,0.7731,-7.5309,-1.1406,7.656
16.6360,0.2454,-7.4910,-1.5538,7.654
16.6490,-0.1576,-7.6546,-1.8217,7.870
16.6680,-0.4765,-7.8351,-1.7400,8.040
16.6700,-0.9908,-8.0949,-1.5754,8.306
16.7340,-1.6203,-8.2614,-1.1351,8.495
16.7360,-2.3934,-8.5388,-0.4891,8.881
16.7380,-2.9882,-8.5025,0.2163,9.015
16.7390,-3.2982,-8.7324,0.8072,9.369
16.7400,-3.5261,-8.9311,1.1374,9.669
16.7410,-3.8265,-9.1508,1.4331,10.022
16.7430,-4.1770,-9.4105,1.5842,10.417
16.7480,-4.5919,-9.6029,1.5924,10.763
16.7560,-4.7894,-9.5684,1.3205,10.781
16.7710,-5.1639,-9.5242,1.3524,10.918
16.7860,-5.7786,-9.4702,1.2603,11.165
16.8080,-6.2807,-9.5618,1.1920,11.502
16.8090,-6.7621,-9.4491,1.0817,11.670
16.8100,-7.1363,-9.6327,0.7918,12.014
16.8130,-7.4969,-10.0386,0.5951,12.543
16.8760,-8.5844,-10.0385,0.6741,13.226
16.8820,-9.8065,-10.1266,0.9405,14.128
16.8830,-11.1192,-10.2567,1.4453,15.196
16.8850,-12.5941,-9.9614,1.9694,16.178
16.8880,-13.5276,-9.3974,2.6215,16.679
16.8900,-13.3646,-9.3796,2.9348,16.589
16.9520,-11.7319,-10.5902,2.2852,15.969
16.9570,-10.8425,-11.6541,0.3801,15.922
16.9590,-11.9868,-11.1061,-0.8435,16.363
16.9610,-13.3478,-10.7481,-0.7438,17.153
16.9620,-14.3224,-11.5553,-0.0836,18.403
16.9640,-14.0672,-12.4275,1.4903,18.829
16.9650,-11.8328,-13.3212,3.0582,18.078
16.9670,-8.6884,-14.3323,3.6379,17.150
16.9690,-6.2105,-14.3378,3.2400,15.957
16.9740,-4.1868,-13.9571,2.2533,14.745
16.9830,-2.8722,-13.4985,0.4694,13.809
17.0000,-2.6929,-13.1247,-1.3028,13.461
17.1370,-3.3309,-12.5702,-2.6423,13.270
17.1390,-4.0028,-12.2668,-3.5204,13.375
17.1420,-4.2011,-12.0783,-3.8193,13.346
17.1440,-4.1834,-11.7803,-3.5560,12.997
17.1460,-4.3437,-11.3811,-2.8958,12.521
17.1470,-4.5974,-11.0302,-2.3523,12.179
17.1490,-5.1047,-10.6356,-1.9598,11.959
17.1500,-5.5050,-10.0389,-1.6817,11.572
17.1520,-5.3725,-9.3992,-1.6646,10.954
17.1560,-4.7059,-8.8142,-1.9025,10.171
17.1570,-3.7240,-8.3052,-2.2198,9.369
17.1580,-2.6610,-7.5790,-2.4613,8.401
17.1620,-1.4301,-7.0159,-2.6651,7.640
17.1640,-0.5280,-6.3619,-2.9509,7.033
17.1660,0.1678,-5.9593,-3.0781,6.709
17.1670,0.4912,-5.7576,-3.2228,6.616
17.1680,0.3716,-5.7086,-2.9806,6.451
17.1980,0.1731,-5.9215,-2.3600,6.377
17.2020,0.3354,-6.0632,-1.4949,6.254
17.2030,1.2572,-6.1595,-0.6999,6.325
17.2050,2.6810,-6.0927,-0.2708,6.662
17.2790,4.5553,-5.7776,-0.2941,7.363
17.2810,6.4872,-5.3614,-0.5919,8.437
17.2830,7.9673,-4.8409,-1.1260,9.390
17.2830,8.7155,-4.2300,-1.6860,9.833
17.2840,8.6722,-3.5793,-2.1910,9.634
17.2850,8.8004,-3.1079,-2.5491,9.675
17.2860,9.2246,-2.6945,-2.8533,10.025
17.3800,9.7391,-2.1895,-2.6807,10.336
17.3830,10.3653,-1.8655,-2.1847,10.756
17.3850,10.9775,-1.4009,-1.3252,11.146
17.3870,11.3694,-0.7667,-0.3999,11.402
17.3890,12.0645,0.0391,0.0381,12.065
17.3910,12.5570,1.1854,0.4483,12.621
17.3980,13.3681,2.0225,0.6803,13.537
17.3990,14.5093,2.6714,0.9819,14.786
17.4000,15.9662,3.0571,1.6117,16.336
17.4020,17.5322,3.1331,2.0233,17.925
17.4060,18.5371,2.6049,2.1468,18.842
17.4080,17.9775,1.8534,2.0636,18.190
17.4150,15.7268,1.3209,1.8033,15.885
17.4160,13.6345,1.1761,2.1254,13.849
17.4260,11.5309,1.4389,2.1477,11.817
17.4350,10.2401,1.8617,1.6165,10.533
17.5060,9.5766,2.2724,1.0608,9.900
17.5090,10.1990,2.6270,0.8429,10.566
17.5100,11.9301,2.6281,0.7238,12.238
17.5120,13.3942,2.6000,0.8533,13.671
17.5140,14.2256,2.9601,1.0777,14.570
17.5150,14.4910,3.1375,0.9123,14.855
17.5160,14.2588,2.9725,0.2068,14.567
17.5200,13.5844,2.5250,-0.4490,13.824
17.5820,12.5076,1.8639,-0.9142,12.679
17.5850,11.6193,0.9248,-1.2825,11.726
17.5900,11.0996,-0.2171,-1.6396,11.222
17.5930,10.5466,-1.2280,-2.0098,10.806
17.5950,10.2365,-2.2384,-2.1643,10.700
17.5960,9.9988,-2.9193,-1.8962,10.587
17.5980,9.6909,-3.4007,-1.2340,10.344
17.5990,9.3830,-3.6266,-0.5796,10.076
17.6190,8.9243,-4.1114,-0.1002,9.826
17.6350,8.2326,-4.6704,0.0057,9.465
17.6360,7.1590,-5.4169,0.1515,8.979
17.6370,5.7222,-6.0266,-0.0368,8.311
17.6960,4.2251,-6.5498,-0.5620,7.815
17.6990,3.0887,-6.8878,-0.5760,7.571
17.7010,2.2176,-7.0572,-0.4634,7.412
17.7030,1.3520,-7.2043,-0.2268,7.334
17.7080,0.5937,-7.1074,0.0200,7.132
17.7100,0.1832,-7.0430,0.1845,7.048
17.7120,0.1490,-7.6231,0.1555,7.626
17.7190,-0.2060,-8.0839,0.1556,8.088
17.7350,-0.8343,-8.5551,0.1321,8.597
17.7370,-1.4587,-8.9405,0.0988,9.059
17.8200,-1.9203,-9.2620,-0.1792,9.461
17.8280,-2.3703,-9.8934,-0.5012,10.186
17.8310,-2.9392,-10.3463,-0.6185,10.773
17.8330,-3.6995,-10.4146,-0.2880,11.056
17.8350,-4.2892,-10.3757,0.7456,11.252
17.8390,-5.0645,-10.0891,2.3405,11.529
17.8410,-5.8853,-10.0794,3.2017,12.103
17.8450,-6.7541,-10.1468,3.5706,12.701
17.8460,-7.7461,-9.9674,3.1116,13.001
17.8480,-8.4330,-9.9222,2.3908,13.239
17.8510,-8.9401,-9.8461,1.5048,13.384
17.8560,-9.7005,-9.6039,0.7440,13.671
17.8690,-10.3902,-9.4213,0.3905,14.031
17.8860,-11.1090,-9.3682,0.2680,14.534
17.8880,-11.9163,-9.2400,0.7955,15.100
17.9760,-12.3142,-9.3024,1.7541,15.532
17.9790,-11.7925,-10.5501,1.9040,15.937
17.9810,-10.6312,-12.2156,0.6330,16.206
17.9830,-10.9483,-12.5626,-0.9014,16.688
17.9850,-12.3896,-11.8934,-0.7330,17.190
17.9890,-13.4185,-12.0325,0.8816,18.045
17.9910,-13.8023,-12.4857,2.7221,18.810
17.9930,-12.8210,-13.1488,5.1096,19.062
17.9950,-10.8262,-14.3082,6.9409,19.238
17.9990,-8.5602,-14.8308,6.9991,18.499
18.0020,-6.2488,-14.3149,5.7377,16.640
18.0150,-4.6716,-13.7387,3.2082,14.862
18.0170,-3.5581,-13.2936,0.5487,13.772
18.0240,-2.9413,-13.0356,-1.9544,13.506
18.0350,-3.1276,-12.7145,-3.9634,13.680
18.0450,-3.6838,-12.5418,-5.1665,14.056
18.1330,-4.5896,-12.2287,-5.6164,14.218
18.1360,-5.7463,-11.7341,-4.9390,13.968
18.1410,-6.3832,-11.3642,-3.1172,13.402
18.1450,-6.6575,-11.1661,-1.1229,13.049
18.1470,-6.9585,-10.5990,0.8427,12.707
18.1480,-6.9942,-9.6996,2.4018,12.197
18.1490,-6.3391,-9.0536,3.2372,11.517
18.1500,-5.2173,-8.4656,3.0471,10.401
18.1520,-3.6989,-8.0385,1.9507,9.061
18.1530,-2.0965,-7.5365,0.0883,7.823
18.1560,-0.7684,-6.9550,-2.0334,7.287
18.1780,0.3559,-6.6324,-3.7781,7.641
18.1790,0.9971,-6.5205,-5.3015,8.463
18.2530,0.9916,-6.2787,-5.8857,8.663
18.2560,0.7219,-5.7047,-5.2524,7.788
18.2590,1.2498,-5.5399,-4.3561,7.157
18.2600,2.0468,-5.4518,-3.7325,6.917
18.2610,2.6149,-5.1976,-3.1423,6.613
18.2630,3.0098,-4.9090,-2.0416,6.109
18.2630,3.2331,-4.6376,-1.3034,5.802
18.2640,3.7750,-4.3015,-0.5432,5.749
18.2670,4.6790,-4.1939,-0.2014,6.287
18.3070,6.1327,-4.3634,-0.2673,7.531
18.3090,7.5235,-4.2152,-0.9561,8.677
18.3100,8.6365,-3.9047,-1.8626,9.659
18.3120,9.9475,-3.3660,-2.4759,10.790
18.3180,11.2898,-2.7769,-2.5751,11.908
18.3340,12.7597,-2.0612,-2.5234,13.169
18.3360,14.0157,-1.1089,-2.1238,14.219
18.4170,15.7561,-0.3937,-1.2051,15.807
18.4200,17.8314,-0.1210,-0.1586,17.833
18.4250,19.3895,0.2761,0.6748,19.403
18.4280,19.8086,0.7094,0.7720,19.836
18.4310,18.7904,1.2610,0.3335,18.836
18.4330,17.0633,1.7252,0.0191,17.150
18.4340,15.0465,1.8850,-0.3952,15.169
18.4360,13.9537,1.6414,-0.5369,14.060
18.4370,13.3998,0.9329,-0.7918,13.456
18.4390,12.8386,0.2719,-1.2114,12.898
18.4440,11.9197,0.2759,-1.4564,12.011
18.4660,11.0985,0.6622,-2.2315,11.340
18.4680,10.5877,1.2155,-3.8566,11.334
18.5460,10.8172,1.6632,-5.6874,12.334
18.5490,12.0378,1.8815,-6.3240,13.727
18.5510,13.3838,2.0000,-5.4471,14.588
18.5520,14.5531,2.4438,-3.7409,15.224
18.5530,15.4932,2.4261,-1.9896,15.808
18.5570,15.8278,2.3180,-0.8149,16.017
18.5600,15.2196,2.0504,0.0035,15.357
18.5620,14.0948,1.4183,0.3860,14.171
18.5630,12.2638,0.3991,0.1085,12.271
18.5670,10.8804,-0.8470,-0.3066,10.918
18.5950,9.9086,-2.1210,-0.2330,10.136
18.5990,8.8748,-3.1354,0.3381,9.418
18.6000,7.9138,-3.7345,0.9533,8.802
18.6040,7.2478,-4.0651,1.6003,8.463
18.6580,6.8363,-4.2855,1.8914,8.287
18.6600,6.4238,-4.7084,1.9184,8.192
18.6630,5.9990,-5.3383,1.7625,8.221
18.6640,5.1584,-5.7917,1.8267,7.968
18.6650,4.0531,-6.0977,2.0259,7.597
18.6660,2.9792,-6.4616,2.2846,7.473
18.6820,2.1311,-6.8266,2.4728,7.567
18.6910,1.0184,-6.8988,2.7150,7.483
18.7040,0.0222,-6.8962,2.8734,7.471
18.7070,-0.8243,-7.0248,2.5411,7.516
18.7120,-1.4955,-7.2581,2.0334,7.684
18.7220,-2.2848,-7.5237,1.8491,8.077
18.7750,-2.7694,-7.9330,1.4975,8.535
18.7780,-3.2336,-8.3017,1.0719,8.974
18.7790,-3.5090,-8.5331,0.4445,9.237
18.7810,-3.6511,-8.5943,-0.1244,9.339
18.7830,-3.2125,-8.7496,-0.4889,9.334
18.7880,-2.6419,-8.9768,-0.9127,9.402
18.7950,-2.6748,-9.1602,-1.1911,9.617
18.8020,-3.1812,-9.6387,-1.0351,10.203
18.8210,-3.9219,-10.1262,-0.7765,10.887
18.8250,-4.6062,-10.6755,-0.3169,11.631
18.8330,-5.3543,-10.9836,-0.0875,12.219
18.8910,-6.8021,-10.4365,-0.0999,12.458
18.8930,-8.1884,-9.6951,0.0132,12.690
18.8940,-9.2735,-9.1978,-0.1207,13.062
18.8950,-10.1397,-8.8514,-0.3374,13.464
18.8980,-10.6926,-8.7848,-0.6641,13.854
18.9000,-10.8853,-9.2123,-1.1464,14.306
18.9750,-11.3910,-9.5108,-1.5735,14.923
18.9770,-12.1545,-9.3051,-1.9033,15.425
18.9790,-12.3400,-9.6325,-2.4342,15.843
18.9810,-10.9257,-11.0537,-3.4846,15.928
18.9830,-9.9967,-11.9735,-4.5620,16.251
18.9850,-10.6109,-11.1264,-4.8440,16.120
18.9870,-11.0854,-10.6151,-4.2272,15.920
18.9890,-11.0025,-10.9434,-3.4089,15.888
18.9950,-10.4714,-11.4812,-2.0744,15.677
19.0000,-9.1128,-12.4216,-0.4665,15.413
19.0070,-7.1028,-13.3172,0.8207,15.115
19.0180,-5.1207,-13.4819,1.7495,14.527
19.0460,-3.4820,-13.1710,1.9466,13.762
19.0480,-2.3452,-12.5735,1.5177,12.880
19.0500,-2.1758,-11.9791,0.3499,12.180
19.0520,-2.3377,-11.2468,-1.2824,11.559
19.1090,-2.2747,-10.8179,-2.8326,11.412
19.1120,-2.2637,-10.4823,-4.4454,11.609
19.1130,-2.6251,-9.9175,-5.8279,11.799
19.1150,-3.2915,-9.1738,-6.6752,11.813
19.1160,-4.0560,-8.4092,-6.8378,11.572
19.1170,-4.8498,-7.8566,-6.4151,11.243
19.1340,-5.4696,-7.2755,-5.4448,10.606
19.1380,-5.4920,-6.8454,-4.2197,9.738
19.2240,-5.1781,-6.4928,-2.8322,8.774
19.2290,-4.7457,-6.0215,-1.8922,7.897
19.2300,-4.1598,-5.8445,-1.1410,7.264
19.2310,-3.6260,-5.5792,-0.6222,6.683
19.2320,-3.0818,-5.2440,-0.2300,6.087
19.2330,-2.4695,-4.9326,-0.2220,5.521
19.2340,-1.6209,-4.6708,-0.5769,4.978
19.2350,-0.7561,-4.3559,-1.0372,4.541
19.2360,0.1264,-4.0309,-1.7760,4.407
19.2380,0.8429,-3.8198,-2.7005,4.753
19.3040,1.4681,-3.7423,-3.4661,5.308
19.3070,1.9991,-3.8343,-3.8343,5.779
19.3080,2.5761,-4.0462,-3.6621,6.035
19.3100,3.2779,-4.3524,-3.0015,6.221
19.3120,4.3282,-4.7127,-1.7286,6.628
19.3140,5.6334,-4.9619,-0.5941,7.531
19.3150,6.8024,-4.9993,0.5094,8.457
19.3320,7.9711,-5.0501,0.9113,9.480
19.3340,8.9892,-5.0982,0.9527,10.378
19.3350,9.5935,-5.1727,0.6125,10.916
19.4140,9.9735,-5.0493,0.2958,11.183
19.4160,9.9758,-5.1947,-0.0061,11.247
19.4190,9.0719,-4.3674,0.3919,10.076
19.4210,8.8180,-4.2777,1.5863,9.928
19.4250,8.8728,-3.7790,2.7131,10.018
19.4290,9.5951,-3.0804,4.1726,10.907
19.4300,10.5875,-2.1441,5.3831,12.069
19.4320,11.8416,-1.1758,5.9743,13.315
19.4330,13.3214,-0.1276,6.2358,14.709
19.4460,14.8089,0.6223,6.2758,16.096
19.4490,16.6041,0.8794,6.0766,17.703
19.4550,17.5770,1.1201,5.6176,18.487
19.4710,17.3667,2.0227,5.0323,18.194
19.5530,16.7601,3.2265,4.0934,17.552
19.5550,16.2638,4.2392,2.9869,17.070
19.5580,16.3932,4.8927,2.1615,17.244
19.5590,17.0288,5.0336,2.1321,17.885
19.5610,17.6207,4.9403,2.8547,18.521
19.5620,17.8415,4.7971,3.8241,18.867
19.5640,17.6490,4.5004,4.4346,18.746
19.5650,17.1385,3.7100,4.2351,18.040
19.5660,16.0369,2.7057,3.1912,16.574
19.5670,15.2523,1.7505,1.8936,15.469
19.5780,14.6423,0.3934,0.6135,14.660
19.5860,13.5365,-1.0262,-0.2159,13.577
19.6010,12.1542,-2.2927,-0.5960,12.383
19.6780,10.6626,-3.2753,-0.5872,11.170
19.6810,9.3362,-4.0372,-0.3476,10.178
19.6820,7.9528,-4.4353,-0.3970,9.115
19.6840,6.9429,-5.0673,-0.2712,8.600
19.6870,5.8409,-5.5733,-0.0564,8.073
19.6950,4.7552,-5.7513,0.3665,7.472
19.6960,3.9435,-5.9971,0.8229,7.225
19.6970,3.1958,-6.0847,1.3190,6.998
19.6980,2.7201,-6.0644,1.5353,6.821
19.7000,2.6523,-6.4772,1.5009,7.158
19.7030,2.6136,-6.8317,1.3416,7.437
19.7160,2.4065,-6.7402,0.8800,7.211
19.7220,2.2706,-6.8485,-0.0259,7.215
19.8070,1.9395,-6.9911,-0.8175,7.301
19.8100,1.4901,-7.2448,-1.2087,7.495
19.8110,0.8034,-7.5709,-1.0497,7.685
19.8150,0.4720,-7.9372,-0.7233,7.984
19.8170,0.4106,-8.6105,-0.1094,8.621
19.8200,0.4428,-9.3119,0.5108,9.336
19.8220,0.1706,-9.8988,0.6560,9.922
19.8230,0.1583,-10.6356,0.7520,10.663
19.8240,-0.4170,-11.2195,0.4593,11.237
19.8370,-1.2305,-11.6235,0.3412,11.693
19.8390,-2.1040,-11.9220,0.1674,12.107
19.9160,-3.0064,-12.2805,0.1954,12.645
19.9190,-4.0100,-12.7135,0.1625,13.332
19.9200,-5.2048,-13.1048,0.2159,14.102
19.9220,-6.5435,-13.0032,0.1729,14.558
19.9230,-7.6613,-12.6413,-0.3882,14.787
19.9250,-8.5112,-12.1249,-1.2127,14.863
19.9260,-9.1396,-11.6664,-2.2775,14.994
19.9270,-10.1570,-11.1730,-3.0220,15.399
19.9280,-11.6901,-10.7223,-3.1731,16.177
19.9820,-13.3901,-10.1889,-2.7073,17.042
19.9850,-14.8748,-9.4733,-1.6940,17.716
19.9860,-14.9490,-9.3509,-1.1097,17.668
19.9890,-13.1760,-10.5315,-1.1821,16.909
19.9910,-11.6432,-11.2564,-2.5630,16.396
19.9930,-11.7037,-10.1967,-3.5972,15.934
19.9950,-11.2992,-9.4583,-3.9230,15.249
20.0140,-10.0091,-9.9073,-4.2380,14.707
20.0160,-8.7805,-10.3530,-3.9709,14.144
20.0700,-7.0414,-11.0976,-3.0440,13.491
20.0720,-5.3503,-12.2813,-2.2444,13.583
20.0740,-4.0455,-12.9338,-1.2603,13.610
20.0760,-3.3933,-12.8778,-0.1794,13.319
20.0780,-3.4209,-12.2984,0.3791,12.771
20.0800,-4.0989,-11.5533,0.3369,12.263
20.0840,-4.7187,-11.3450,-0.2164,12.289
20.0980,-5.2081,-11.5341,-1.2237,12.714
20.1060,-5.7918,-11.7329,-1.8173,13.210
20.1760,-6.7521,-11.5579,-2.1709,13.561
20.1790,-7.4870,-11.3584,-2.3265,13.802
20.1810,-8.2307,-11.0184,-2.2157,13.930
20.1830,-8.6097,-10.6501,-1.7472,13.806
20.1870,-8.2529,-10.3825,-0.9350,13.296
20.1900,-7.5025,-10.0081,-0.3970,12.514
20.1960,-6.6760,-9.6016,-0.2107,11.696
20.1970,-5.9070,-9.3019,-0.3691,11.025
20.2160,-5.0010,-8.9079,-0.6638,10.237
20.2180,-3.7093,-8.5837,-1.3218,9.444
20.2200,-2.3829,-8.2587,-2.2704,8.890
20.2950,-1.1459,-7.9193,-3.2273,8.628
20.2980,-0.0614,-7.6614,-4.3021,8.787
20.2990,0.8667,-7.2989,-5.0595,8.923
20.3000,1.7904,-7.1122,-5.5303,9.186
20.3020,2.8342,-7.1118,-5.6920,9.540
20.3040,3.7163,-7.1975,-5.4072,9.739
20.3050,4.4993,-7.1163,-4.6706,9.628
20.3070,5.4573,-7.2325,-3.5462,9.730
20.3160,6.3936,-7.1179,-2.1923,9.816
20.3220,7.4529,-6.9439,-0.5589,10.202
20.3230,8.6912,-6.7844,1.4774,11.124
20.3890,9.7355,-6.3392,3.4617,12.122
20.3920,10.7600,-5.9039,5.5060,13.452
20.3940,11.1403,-4.7293,7.0082,13.985
20.3960,11.7509,-3.5754,7.9148,14.612
20.3980,12.9348,-2.5480,7.4345,15.135
20.4000,14.0855,-1.9501,4.9440,15.055
20.4020,14.4881,-1.1011,1.6634,14.625
20.4070,14.4141,-0.3015,-1.1113,14.460
20.4150,14.0812,0.6577,-2.7041,14.354
20.4220,14.2077,1.2198,-2.9562,14.563
20.4330,14.4972,1.7850,-2.3883,14.801
20.5150,15.0571,2.1975,-1.5424,15.295
20.5170,15.5376,2.6786,-1.1412,15.808
20.5200,15.8320,3.2488,-0.5718,16.172
20.5230,15.9356,3.6369,-0.1932,16.346
20.5250,15.9018,3.3611,-0.0352,16.253
20.5270,15.5760,2.7245,0.2053,15.814
20.5280,14.5538,2.5952,0.1461,14.784
20.5300,13.9651,2.8684,0.1436,14.257
20.5320,13.6657,3.1373,-0.2523,14.023
20.5380,13.8498,3.2868,-0.9337,14.265
20.5510,14.9865,2.7132,-1.5695,15.311
20.5550,16.0309,2.4316,-1.9182,16.327
20.6310,16.6805,2.2786,-1.9950,16.953
20.6330,17.2908,2.1770,-1.9608,17.537
20.6350,17.5657,1.6271,-2.1926,17.777
20.6370,16.8909,0.8277,-2.4871,17.093
20.6390,15.8897,-0.0960,-2.6194,16.104
20.6400,14.8387,-1.3104,-2.0376,15.035
20.6460,13.7269,-2.8058,-1.3646,14.077
20.6470,12.3540,-4.1407,-0.4659,13.038
20.6490,11.0044,-5.3316,0.2923,12.231
20.6570,9.5657,-5.9591,1.1481,11.328
20.6760,8.2031,-6.2217,1.8303,10.457
20.6790,7.1932,-6.3728,2.2766,9.876
20.6840,6.6445,-6.5241,2.5122,9.645
20.7590,6.2049,-6.7769,2.5934,9.547
20.7620,5.7869,-6.9501,2.4975,9.382
20.7630,5.4508,-7.3093,2.2385,9.389
20.7650,4.8159,-7.8147,1.9660,9.388
20.7680,4.0115,-8.4641,1.4882,9.484
20.7700,2.7788,-8.8496,0.9190,9.321
20.7710,1.5286,-9.1284,0.3464,9.262
20.7720,0.0782,-9.4226,-0.5153,9.437
20.7750,-1.0157,-9.5430,-1.1909,9.671
20.7860,-1.6724,-9.5783,-1.6430,9.861
20.7980,-1.9618,-9.5077,-1.6921,9.854
20.8100,-1.8055,-9.6300,-1.7977,9.961
20.8870,-1.5288,-9.9137,-1.5082,10.144
20.8900,-1.6211,-10.2127,-0.9659,10.386
20.8920,-2.1380,-10.5783,-0.3747,10.799
20.8960,-2.9422,-11.0072,0.0389,11.394
20.8980,-4.0156,-11.0883,0.3548,11.798
20.9000,-4.8298,-11.0295,0.6840,12.060
20.9050,-5.6665,-10.6548,0.5754,12.082
20.9060,-6.0140,-10.5119,0.7225,12.132
20.9070,-6.2103,-10.3708,0.7951,12.114
20.9120,-6.2438,-9.9850,0.7356,11.799
20.9180,-6.1593,-9.9014,0.8633,11.693
20.9260,-6.3429,-9.7817,0.9261,11.695
20.9360,-6.8007,-9.6856,0.9249,11.871
20.9510,-7.3371,-9.6651,0.8902,12.167
20.9530,-8.0155,-9.6795,0.8253,12.595
21.0340,-8.8078,-9.6386,0.8401,13.084
21.0360,-9.7961,-9.7124,0.6852,13.812
21.0370,-11.0197,-9.5219,0.6409,14.578
21.0390,-11.8288,-10.3594,0.2523,15.726
21.0470,-11.3400,-11.7099,-1.1424,16.341
21.0500,-11.3363,-12.1872,-3.2909,16.967
21.0510,-12.5841,-11.3373,-5.0215,17.667
21.0530,-13.9248,-10.6301,-5.9385,18.498
21.0540,-14.5843,-10.8775,-5.7545,19.082
21.0710,-14.0614,-11.4458,-4.1276,18.595
21.0730,-12.0025,-12.4536,-1.5440,17.365
21.0750,-9.4611,-13.3365,0.3906,16.356
21.1390,-7.3788,-13.6047,1.4136,15.541
21.1410,-5.6233,-13.5023,1.8363,14.741
21.1450,-4.7758,-13.2049,1.2954,14.102
21.1470,-4.7047,-12.9883,0.0968,13.814
21.1480,-5.0540,-12.7663,-1.4554,13.807
21.1500,-5.0900,-12.6863,-2.7709,13.947
21.1520,-4.9643,-12.6886,-3.4394,14.053
21.1530,-4.9816,-12.4271,-3.6680,13.882
21.1690,-5.0636,-12.0977,-3.2562,13.513
21.1720,-5.1716,-11.6037,-2.4811,12.944
21.2310,-5.2037,-11.1364,-1.8143,12.425
21.2330,-5.0400,-10.6381,-1.2432,11.837
21.2350,-4.6887,-10.0789,-0.8312,11.147
21.2370,-4.3494,-9.5247,-0.7191,10.495
21.2380,-3.7714,-9.0975,-0.7436,9.876
21.2400,-2.7561,-8.8901,-1.1170,9.374
21.2460,-1.6752,-8.5942,-1.4925,8.882
21.2710,-0.6644,-8.2092,-1.9612,8.466
21.2720,0.3058,-7.7744,-2.3999,8.142
21.3560,1.2429,-7.3809,-3.0183,8.071
21.3620,2.1787,-7.1183,-3.3940,8.181
21.3630,2.8327,-6.8225,-3.4497,8.153
21.3650,3.2418,-6.5901,-3.1554,7.993
21.3660,3.3235,-6.4692,-2.4668,7.680
21.3670,3.3951,-6.3331,-1.3813,7.317
21.3680,3.6863,-6.4157,0.0240,7.399
21.3680,4.4112,-6.4988,1.2585,7.955
21.3690,5.3095,-6.4270,2.2769,8.642
21.3700,6.5047,-6.4224,2.9308,9.599
21.3720,7.8671,-6.1163,3.1981,10.466
21.4240,8.8387,-5.6734,2.3934,10.772
21.4280,9.5689,-5.0808,1.1863,10.899
21.4290,10.0344,-4.6933,0.1398,11.079
21.4300,10.9178,-4.2158,-0.7777,11.729
21.4320,11.7513,-3.8521,-1.5901,12.468
21.4340,12.5681,-3.2582,-2.4787,13.218
21.4420,13.5062,-2.7679,-3.1601,14.144
21.4600,13.9733,-1.9265,-3.6909,14.580
21.4640,14.3216,-1.0241,-3.3714,14.749
21.4720,14.6539,-0.2890,-2.8798,14.937
21.5470,14.8929,0.6204,-2.5490,15.122
21.5490,15.5392,1.6046,-1.9265,15.740
21.5500,16.1576,2.3202,-1.2251,16.369
21.5520,17.3199,2.4235,-0.3678,17.493
21.5530,18.0529,2.2563,0.4519,18.199
21.5550,17.8791,2.5677,0.9480,18.087
21.5560,17.0886,3.3211,0.9858,17.436
21.5600,16.6428,3.6994,0.3616,17.053
21.5650,16.5905,3.9478,-0.7145,17.069
21.5730,17.0114,4.0825,-1.2599,17.540
21.5830,17.4092,4.0217,-1.4064,17.923
21.5910,17.5106,3.8415,-1.3494,17.978
21.6590,16.9443,3.4408,-1.3050,17.339
21.6620,15.9682,2.9183,-1.2026,16.277
21.6640,15.3318,2.1373,-1.1199,15.520
21.6650,14.6440,1.2484,-1.0822,14.737
21.6670,13.7808,0.3300,-0.9747,13.819
21.6700,13.0295,-0.7881,-0.9739,13.090
21.6720,12.4802,-2.0223,-1.0215,12.684
21.6740,11.9517,-3.2935,-0.9532,12.434
21.6820,11.0603,-4.3258,-0.7637,11.901
21.6910,10.0901,-4.9877,-0.4879,11.266
21.7040,9.1341,-5.4378,0.0016,10.630
21.7820,8.2306,-5.8491,0.2863,10.101
21.7840,7.4212,-6.2413,0.5849,9.714
21.7850,6.5703,-6.5760,0.7731,9.328
21.7870,5.5431,-6.8601,0.8222,8.858
21.7880,4.3262,-7.0280,0.8269,8.294
21.7890,2.9863,-7.1952,0.6137,7.814
21.7900,1.7274,-7.5223,0.4026,7.729
21.7900,0.2541,-7.6370,-0.0354,7.641
21.7930,-1.2449,-7.6085,-0.2862,7.715
21.8020,-2.3793,-7.4559,-0.6553,7.854
21.8170,-3.0538,-7.2936,-1.0184,7.972
21.8250,-3.2256,-7.2203,-1.1996,7.999
21.8810,-2.8699,-7.2772,-1.1443,7.906
21.8830,-1.9832,-7.5099,-1.1072,7.846
21.8850,-1.2694,-7.9177,-0.7856,8.057
21.8860,-1.1996,-8.1799,-0.4971,8.282
21.8860,-1.1782,-8.5964,-0.0328,8.677
21.8870,-1.1878,-9.0996,0.4372,9.187
21.8970,-1.5194,-9.3828,0.8575,9.544
21.9040,-2.0483,-9.6792,1.1622,9.962
21.9120,-2.7516,-9.9467,1.4013,10.415
21.9220,-3.4184,-10.2729,1.6077,10.945
21.9350,-4.2496,-10.2561,1.8370,11.253
21.9410,-4.9639,-10.1114,1.9223,11.427
21.9970,-5.6419,-9.7890,1.8623,11.451
22.1710,-5.9261,-9.4483,1.6343,11.272
22.1720,-6.0853,-9.2286,1.4619,11.151
22.1740,-6.6238,-9.1650,1.1953,11.371
22.1750,-7.2642,-9.3747,1.2548,11.926
22.1770,-8.6572,-9.5345,1.5889,12.976
22.1800,-10.2092,-9.4158,2.0634,14.041
22.1830,-11.6284,-9.1867,2.1393,14.973
22.1850,-12.1168,-9.5106,1.8680,15.516
22.1870,-11.6101,-10.6279,0.2983,15.743
22.1900,-11.1737,-11.5942,-1.5220,16.174
22.1930,-12.3183,-11.4161,-2.9905,17.059
22.1950,-13.7388,-11.0248,-3.0069,17.870
22.1960,-14.4073,-11.4804,-2.1856,18.551
22.1980,-14.2141,-12.0882,-0.5540,18.667
22.1990,-12.6463,-12.7106,1.5750,17.999
22.2000,-10.1623,-13.6682,3.0518,17.303
22.2010,-7.9233,-14.0936,3.5018,16.543
22.2020,-5.7543,-13.9796,3.0629,15.425
22.2030,-4.5192,-13.8851,1.8821,14.723
22.2040,-4.0206,-13.7262,0.5765,14.315
22.2050,-3.9513,-13.2009,-0.6073,13.793
22.2060,-3.5548,-12.8663,-1.9792,13.494
22.2070,-2.8973,-12.6039,-3.0766,13.294
22.2080,-2.3616,-12.2845,-3.4901,12.987
22.2090,-2.2393,-11.6259,-3.5029,12.347
22.2130,-2.5680,-10.9088,-3.2566,11.671
22.2220,-3.3278,-10.0398,-3.0782,11.016
22.2380,-3.9226,-9.3037,-2.9086,10.507
22.2430,-4.0582,-8.7862,-3.0918,10.160
22.3050,-3.8148,-8.4345,-3.4722,9.887
22.3070,-3.3787,-8.1252,-3.9978,9.665
22.3100,-2.9300,-7.7897,-4.3891,9.409
22.3120,-2.4022,-7.3937,-4.5188,8.992